slug,latin_name,taxon_group,family,genus,observations_count
cantharis-livida,Cantharis livida,16,Cantharidae,Cantharis,22
jacobaea-vulgaris-subsp-dunensis,Jacobaea vulgaris subsp. dunensis,10,Asteraceae,Jacobaea,21
ichneumon-xanthorius,Ichneumon xanthorius,17,Ichneumonidae,Ichneumon,20
oecetis-ochracea,Oecetis ochracea,6,Leptoceridae,Oecetis,20
clepsis-dumicolana,Clepsis dumicolana,8,Tortricidae,Clepsis,15
lagria-spec,Lagria spec.,16,Tenebrionidae,Lagria,14
cepaea-spec,Cepaea spec.,7,"","",11
scymninae-indet,Scymninae indet.,16,"","",11
malva-alcea-malva-moschata,Malva alcea + Malva moschata,10,"","",10
anthomyia-procellaris,Anthomyia procellaris,18,Anthomyiidae,Anthomyia,9
malva-sylvestris-cultivar,Malva sylvestris (cultivar),10,Malvaceae,Malva,9
ancistrocerus-spec,Ancistrocerus spec.,17,"","",8
borkhausenia-nefrax,Borkhausenia nefrax,8,Oecophoridae,Borkhausenia,8
melilotus-altissimus-melilotus-officinalis,Melilotus altissimus + Melilotus officinalis,10,"","",8
tripleurospermum-maritimum-matricaria-chamomilla,Tripleurospermum maritimum + Matricaria chamomilla,10,"","",8
trypoxylon-spec,Trypoxylon spec.,17,Crabronidae,Trypoxylon,8
cantharis-spec,Cantharis spec.,16,"","",7
dolichomitus-complex,Dolichomitus-complex,17,Ichneumonidae,Dolichomitus,7
sapygina-decemguttata,Sapygina decemguttata,17,Sapygidae,Sapygina,7
eumenes-spec,Eumenes spec.,17,Vespidae,Eumenes,6
scoparia-eudonia-spec,Scoparia/Eudonia spec.,8,Crambidae,Eudonia,6
agraylea-spec,Agraylea spec.,6,Hydroptilidae,Agraylea,5
campyloneura-virgula,Campyloneura virgula,15,Miridae,Campyloneura,5
demeijerea-rufipes,Demeijerea rufipes,18,Chironomidae,Demeijerea,5
leptocerus-tineiformis,Leptocerus tineiformis,6,Leptoceridae,Leptocerus,5
persicaria-lapathifolia-persicaria-maculosa,Persicaria lapathifolia + Persicaria maculosa,10,"","",5
swammerdamia-paraswammerdamia-spec,Swammerdamia/Paraswammerdamia spec.,8,Yponomeutidae,Paraswammerdamia,5
auricularia-mesenterica,Auricularia mesenterica,11,Auriculariaceae,Auricularia,4
deraeocoris-flavilinea,Deraeocoris flavilinea,15,Miridae,Deraeocoris,4
dichrorampha-spec,Dichrorampha spec.,8,Tortricidae,Dichrorampha,4
dicyphus-epilobii,Dicyphus epilobii,15,Miridae,Dicyphus,4
ectemnius-spec,Ectemnius spec.,17,Crabronidae,Ectemnius,4
eratigena-spec,Eratigena spec.,13,Agelenidae,Eratigena,4
orthotrichia-costalis,Orthotrichia costalis,6,Hydroptilidae,Orthotrichia,4
phyllobius-pilicornis,Phyllobius pilicornis,16,Curculionidae,Phyllobius,4
pimplinae-indet,Pimplinae indet.,17,"","",4
planuncus-tingitanus-s-l,Planuncus tingitanus s.l.,6,Ectobiidae,Planuncus,4
populus-x-canadensis-p-deltoides-x-p-nigra,Populus x canadensis (P. deltoides x P. nigra),10,Salicaceae,Populus,4
sciapus-spec,Sciapus spec.,18,Dolichopodidae,Sciapus,4
silis-ruficollis,Silis ruficollis,16,Cantharidae,Crudosilis,4
torymus-spec,Torymus spec.,17,Torymidae,Torymus,4
anisodactylus-binotatus,Anisodactylus binotatus,16,Carabidae,Anisodactylus,3
chrysoperla-carnea-s-l,Chrysoperla carnea s.l.,6,Chrysopidae,Chrysoperla,3
crabro-peltarius,Crabro peltarius,17,Crabronidae,Crabro,3
ctenophora-festiva,Ctenophora festiva,18,Tipulidae,Ctenophora,3
dolichopus-spec,Dolichopus spec.,18,"","",3
ecnomus-tenellus,Ecnomus tenellus,6,Ecnomidae,Ecnomus,3
empoasca-spec,Empoasca spec.,15,Cicadellidae,Empoasca,3
enoplognatha-spec,Enoplognatha spec.,13,Theridiidae,Enoplognatha,3
ethmia-quadrillella,Ethmia quadrillella,8,Ethmiidae,Ethmia,3
grypocoris-sexguttatus,Grypocoris sexguttatus,15,Miridae,Grypocoris,3
harpalus-spec,Harpalus spec.,16,Carabidae,Harpalus,3
hemicrepidius-niger,Hemicrepidius niger,16,Elateridae,Hemicrepidius,3
heterocerus-spec,Heterocerus spec.,16,Heteroceridae,Heterocerus,3
holopyga-generosa,Holopyga generosa,17,Chrysididae,Holopyga,3
julidae-indet,Julidae indet.,13,Julidae,"",3
macrosiphini,Macrosiphini,Insecta,"","",3
palloptera-muliebris,Palloptera muliebris,18,Pallopteridae,Palloptera,3
rubus-sect-corylifolii-rubus-sect-rubus,Rubus sect. Corylifolii + Rubus sect. Rubus,10,"","",3
stenarella-domator,Stenarella domator,17,Ichneumonidae,Stenarella,3
synageles-spec,Synageles spec.,13,Salticidae,Synageles,3
agromyza-reptans-pseudoreptans,Agromyza reptans/pseudoreptans,18,Agromyzidae,Agromyza,2
amauromyza-verbasci,Amauromyza verbasci,18,Agromyzidae,Amauromyza,2
anomaloninae-indet,Anomaloninae indet.,17,"","",2
aphidinae,Aphidinae,Insecta,Aphididae,"",2
archarius-crux,Archarius crux,16,Curculionidae,Archarius,2
ascobolus-brantophilus,Ascobolus brantophilus,11,Ascobolaceae,Ascobolus,2
blepharipa-pratensis,Blepharipa pratensis,18,Tachinidae,Blepharipa,2
caliothrips,Caliothrips,Insecta,Thripidae,Caliothrips,2
centaurea-cyanus-cultivar,Centaurea cyanus (cultivar),10,Asteraceae,Centaurea,2
chromatomyia-primulae,Chromatomyia primulae,18,Agromyzidae,Chromatomyia,2
chrysotus-spec,Chrysotus spec.,18,Dolichopodidae,Chrysotus,2
cryptocephalus-ocellatus,Cryptocephalus ocellatus,16,Chrysomelidae,Cryptocephalus,2
deutzia,Deutzia,Plantae,Hydrangeaceae,Deutzia,2
dianthus-spec-cultivar,Dianthus spec. (cultivar),10,Caryophyllaceae,Dianthus,2
dicyphus-errans,Dicyphus errans,15,Miridae,Dicyphus,2
dolerus-spec,Dolerus spec.,17,Tenthredinidae,Dolerus,2
dolichopus-claviger,Dolichopus claviger,18,Dolichopodidae,Dolichopus,2
edwardsiana-geometrica,Edwardsiana geometrica,15,Cicadellidae,Edwardsiana,2
empis-livida,Empis livida,18,Empididae,Empis,2
enicospilus-ramidulus,Enicospilus ramidulus,17,Ichneumonidae,Enicospilus,2
eutonia-barbipes,Eutonia barbipes,18,Limoniidae,Eutonia,2
gammarus-tigrinus,Gammarus tigrinus,13,Gammaridae,Gammarus,2
gastrolepta-anthracina,Gastrolepta anthracina,18,Tachinidae,Gastrolepta,2
gymnochiromyia,Gymnochiromyia,Insecta,Chyromyidae,Gymnochiromyia,2
harpella-forficella,Harpella forficella,8,Oecophoridae,Harpella,2
hercostomus-nigriplantis,Hercostomus nigriplantis,18,Dolichopodidae,Hercostomus,2
hypericum-androsaemum-hypericum-hircinum-hypericum-x-inodorum,Hypericum androsaemum + Hypericum hircinum + Hypericum x inodorum,10,"","",2
lamiastrum-galeobdolon-subsp-argentatum,Lamiastrum galeobdolon subsp. argentatum,10,Lamiaceae,Lamium,2
leccinum-scabrum-sl-incl-cyaneobasileucum-melaneum-schistophilum-variicolor,"Leccinum scabrum sl, incl. cyaneobasileucum, melaneum, schistophilum, variicolor",11,Boletaceae,Leccinum,2
lindneromyia-dorsalis,Lindneromyia dorsalis,18,Platypezidae,Lindneromyia,2
macrocentrus-spec,Macrocentrus spec.,17,Braconidae,Macrocentrus,2
megaloceroea-recticornis,Megaloceroea recticornis,15,Miridae,Megaloceroea,2
megalocoleus-molliculus,Megalocoleus molliculus,15,Miridae,Megalocoleus,2
melanomya-nana,Melanomya nana,18,Calliphoridae,Melanomya,2
microlinyphia-pusilla,Microlinyphia pusilla,13,Linyphiidae,Microlinyphia,2
mystacides-nigra,Mystacides nigra,6,Leptoceridae,Mystacides,2
nephrotoma-cornicina,Nephrotoma cornicina,18,Tipulidae,Nephrotoma,2
oxybelus-bipunctatus,Oxybelus bipunctatus,17,Crabronidae,Oxybelus,2
palloptera-ustulata,Palloptera ustulata,18,Pallopteridae,Palloptera,2
parasola-plicatilis-sl-incl-galericuliformis-hercules-kuehneri-leiocephala-megasperma-schroeteri,"Parasola plicatilis sl, incl. galericuliformis, hercules, kuehneri, leiocephala, megasperma, schroeteri",11,Psathyrellaceae,Parasola,2
phaonia-spec,Phaonia spec.,18,Muscidae,Phaonia,2
philodromus-aureolus,Philodromus aureolus,Arachnida,Philodromidae,Philodromus,2
philosepedon-spec,Philosepedon spec.,18,Psychodidae,Philosepedon,2
phycitodes-spec,Phycitodes spec.,8,Pyralidae,Phycitodes,2
phytocoris-ulmi,Phytocoris ulmi,15,Miridae,Phytocoris,2
phytomyza-senecionis,Phytomyza senecionis,18,Agromyzidae,Phytomyza,2
pinalitus-cervinus,Pinalitus cervinus,15,Miridae,Pinalitus,2
platypalpus-spec,Platypalpus spec.,18,Hybotidae,Platypalpus,2
rhogogaster-spec,Rhogogaster spec.,17,Tenthredinidae,Rhogogaster,2
rivellia-syngenesiae,Rivellia syngenesiae,18,Platystomatidae,Rivellia,2
segestria-bavarica,Segestria bavarica,13,Segestriidae,Segestria,2
sphaeroderma-testaceum,Sphaeroderma testaceum,16,Chrysomelidae,Pistosia,2
sylvicola-spec,Sylvicola spec.,18,"","",2
symmorphus-spec,Symmorphus spec.,17,Eumenidae,Symmorphus,2
syrphini,Syrphini,Insecta,"","",2
tillus-elongatus,Tillus elongatus,16,Cleridae,Tillus,2
trachelospermum,Trachelospermum,Plantae,Apocynaceae,Trachelospermum,2
acanthus-hungaricus,Acanthus hungaricus,10,Acanthaceae,Acanthus,1
acer-pseudoplatanus-f-aureovariegatum,Acer pseudoplatanus f. aureovariegatum,10,Sapindaceae,Acer,1
achillea-millefolium-cultivar,Achillea millefolium (cultivar),10,Asteraceae,Achillea,1
adalia,Adalia,Insecta,Coccinellidae,Adalia,1
aegopodium,Aegopodium,Plantae,Apiaceae,Aegopodium,1
agelastica,Agelastica,Insecta,Chrysomelidae,Agelastica,1
agrilus,Agrilus,Insecta,Buprestidae,Agrilus,1
agrilus-spec,Agrilus spec.,16,"","",1
agromyza-flaviceps,Agromyza flaviceps,18,Agromyzidae,Agromyza,1
agyneta,Agyneta,Arachnida,Linyphiidae,Agyneta,1
ancylis-unguicella,Ancylis unguicella,8,Tortricidae,Ancylis,1
anodontini,Anodontini,Mollusca,"","",1
anoecia,Anoecia,Insecta,Aphididae,Anoecia,1
anthocomus-fasciatus,Anthocomus fasciatus,16,Melyridae,Anthocomus,1
anthrenus-pimpinellae,Anthrenus pimpinellae,16,Dermestidae,Anthrenus,1
aphrodes-spec,Aphrodes spec.,15,Cicadellidae,Aphrodes,1
aplocera-spec,Aplocera spec.,8,"","",1
apolygus-lucorum,Apolygus lucorum,15,Miridae,Apolygus,1
aquarius,Aquarius,Insecta,Gerridae,Aquarius,1
aquilegia-vulgaris-cultivar,Aquilegia vulgaris (cultivar),10,Ranunculaceae,Aquilegia,1
aradus-brenskei,Aradus brenskei,15,Aradidae,Aradus,1
arge-cyanocrocea,Arge cyanocrocea,17,Argidae,Arge,1
arge-pagana,Arge pagana,17,Argidae,Arge,1
atractotomus-mali,Atractotomus mali,15,Miridae,Atractotomus,1
aulagromyza-hendeliana,Aulagromyza hendeliana,18,Agromyzidae,Aulagromyza,1
austrolimnophila-ochracea,Austrolimnophila ochracea,Insecta,Limoniidae,Austrolimnophila,1
bledius-spec,Bledius spec.,16,Staphylinidae,Bledius,1
brassiceae,Brassiceae,Plantae,"","",1
byturus-spec,Byturus spec.,16,Byturidae,Byturus,1
caloptilia-spec,Caloptilia spec.,8,Gracillariidae,Caloptilia,1
cantharis,Cantharis,Insecta,"","",1
cantharis-flavilabris,Cantharis flavilabris,Insecta,Cantharidae,Cantharis,1
carpocoris-spec,Carpocoris spec.,15,Pentatomidae,Carpocoris,1
caryocolum-fischerella,Caryocolum fischerella,8,Gelechiidae,Caryocolum,1
celypha-siderana,Celypha siderana,8,Tortricidae,Phiaris,1
chaoborus-spec,Chaoborus spec.,18,Chaoboridae,Chaoborus,1
chromatomyia-spinaciae,Chromatomyia spinaciae,18,Agromyzidae,Chromatomyia,1
cnephasia-spec,Cnephasia spec.,8,Tortricidae,Cnephasia,1
coniopteryx-spec,Coniopteryx spec.,6,Coniopterygidae,Coniopteryx,1
coprinellus-micaceus-sl-incl-pallidissimus-saccharinus-truncorum,"Coprinellus micaceus sl, incl. pallidissimus, saccharinus, truncorum",11,Psathyrellaceae,Coprinellus,1
coranus-spec,Coranus spec.,15,Reduviidae,Coranus,1
cordylepherus-viridis,Cordylepherus viridis,16,Malachiidae,Cordylepherus,1
cremnops-desertor,Cremnops desertor,17,Braconidae,Cremnops,1
crossocerus-annulipes,Crossocerus annulipes,17,Crabronidae,Crossocerus,1
crossocerus-binotatus,Crossocerus binotatus,17,Crabronidae,Crossocerus,1
crossocerus-spec,Crossocerus spec.,17,Crabronidae,Crossocerus,1
cryptinae-indet,Cryptinae indet.,17,"","",1
cryptocephalus-spec,Cryptocephalus spec.,16,Chrysomelidae,Cryptocephalus,1
cryptodiaporthe-populea,Cryptodiaporthe populea,11,Gnomoniaceae,Cryptodiaporthe,1
cryptosphaeria-eunomia,Cryptosphaeria eunomia,11,Diatrypaceae,Cryptosphaeria,1
cylindroiulus-caeruleocinctus,Cylindroiulus caeruleocinctus,13,Julidae,Cylindroiulus,1
dacrymyces-stillatus,Dacrymyces stillatus,11,Dacrymycetaceae,Dacrymyces,1
dasineura-acrophila,Dasineura acrophila,18,Cecidomyiidae,Dasineura,1
dasineura-aparines,Dasineura aparines,18,Cecidomyiidae,Dasineura,1
dasineura-sisymbrii,Dasineura sisymbrii,Insecta,Cecidomyiidae,Dasineura,1
dasytes-spec,Dasytes spec.,16,Melyridae,Dasytes,1
datura-stramonium-var-tatula,Datura stramonium var. tatula,10,Solanaceae,Datura,1
depressaria,Depressaria,Insecta,Depressariidae,Depressaria,1
deraeocoris-trifasciatus,Deraeocoris trifasciatus,15,Miridae,Deraeocoris,1
dexiosoma-caninum,Dexiosoma caninum,18,Tachinidae,Dexiosoma,1
dichetophora-obliterata,Dichetophora obliterata,18,Sciomyzidae,Dichetophora,1
dichrooscytus-intermedius,Dichrooscytus intermedius,15,Miridae,Dichrooscytus,1
dichrooscytus-rufipennis,Dichrooscytus rufipennis,15,Miridae,Dichrooscytus,1
dicyphus-globulifer,Dicyphus globulifer,15,Miridae,Dicyphus,1
dolichopus,Dolichopus,Insecta,"","",1
dolichopus-lepidus,Dolichopus lepidus,18,Dolichopodidae,Dolichopus,1
dolichopus-plumipes,Dolichopus plumipes,18,Dolichopodidae,Dolichopus,1
donacia-clavipes,Donacia clavipes,16,Chrysomelidae,Donacia,1
eccopisa-effractella,Eccopisa effractella,8,Pyralidae,Eccopisa,1
ectemnius-sexcinctus,Ectemnius sexcinctus,17,Crabronidae,Ectemnius,1
ectopsocus,Ectopsocus,Insecta,Ectopsocidae,Ectopsocus,1
ectopsocus-briggsi,Ectopsocus briggsi,6,Ectopsocidae,Ectopsocus,1
encyrtidae-indet,Encyrtidae indet.,17,Encyrtidae,"",1
enoplognatha,Enoplognatha,Arachnida,Theridiidae,Enoplognatha,1
erigone,Erigone,Arachnida,Linyphiidae,Erigone,1
erodium-trifolium,Erodium trifolium,10,Geraniaceae,Erodium,1
erysimum-bicolor,Erysimum bicolor,10,Brassicaceae,Erysimum,1
erysiphe-sensu-lato,Erysiphe sensu lato,11,Erysiphaceae,Erysiphe,1
ethmia-terminella,Ethmia terminella,8,Ethmiidae,Ethmia,1
eumerus-spec,Eumerus spec.,18,"","",1
euphorbia-amygdaloides-subsp-robbiae,Euphorbia amygdaloides subsp. robbiae,10,Euphorbiaceae,Euphorbia,1
eupterycyba-jucunda,Eupterycyba jucunda,15,Cicadellidae,Eupterycyba,1
eupteryx-florida,Eupteryx florida,15,Cicadellidae,Eupteryx,1
eurylabus-spec,Eurylabus spec.,17,Ichneumonidae,Eurylabus,1
eustalomyia-hilaris,Eustalomyia hilaris,18,Anthomyiidae,Eustalomyia,1
exephanes-ischioxanthus,Exephanes ischioxanthus,17,Ichneumonidae,Exephanes,1
exetastes-adpressorius,Exetastes adpressorius,17,Ichneumonidae,Exetastes,1
fallopia-japonica-fallopia-sachalinensis-fallopia-x-bohemica,Fallopia japonica + Fallopia sachalinensis + Fallopia x bohemica,10,"","",1
fatsia,Fatsia,Plantae,Araliaceae,Fatsia,1
forcipomyia-paludis,Forcipomyia paludis,18,Ceratopogonidae,Forcipomyia,1
gambrus-carnifex,Gambrus carnifex,17,Ichneumonidae,Gambrus,1
ganoderma-resinaceum,Ganoderma resinaceum,11,Polyporaceae,Ganoderma,1
gelis-spec,Gelis spec.,17,Ichneumonidae,Gelis,1
gilpinia,Gilpinia,Insecta,Diprionidae,Gilpinia,1
gnophomyia,Gnophomyia,Insecta,Limoniidae,Gnophomyia,1
gnophomyia-tristissima,Gnophomyia tristissima,Insecta,Limoniidae,Gnophomyia,1
gonioctena-viminalis,Gonioctena viminalis,16,Chrysomelidae,Gonioctena,1
gyrinus,Gyrinus,Insecta,Gyrinidae,Gyrinus,1
harpalinae,Harpalinae,Insecta,Carabidae,"",1
harpalus-rubripes,Harpalus rubripes,16,Carabidae,Harpalus,1
hebecnema-spec,Hebecnema spec.,18,Muscidae,Hebecnema,1
hedobia-imperialis,Hedobia imperialis,16,Anobiidae,Ptinomorphus,1
hedychrum-gerstaeckeri,Hedychrum gerstaeckeri,17,Chrysididae,Hedychrum,1
helina-evecta,Helina evecta,Insecta,Muscidae,Helina,1
helina-spec,Helina spec.,18,Muscidae,Helina,1
heptatoma-pellucens,Heptatoma pellucens,18,Tabanidae,Heptatoma,1
hercostomus-rusticus,Hercostomus rusticus,18,Dolichopodidae,Hercostomus,1
hesperis,Hesperis,Plantae,Brassicaceae,Hesperis,1
hybos-femoratus,Hybos femoratus,18,Hybotidae,Hybos,1
hydrobius-fuscipes,Hydrobius fuscipes,16,Hydrophilidae,Hydrobius,1
ichneumoninae-indet,Ichneumoninae indet.,17,"","",1
idiocerini,Idiocerini,Insecta,"","",1
ilisia-maculata,Ilisia maculata,18,Limoniidae,Ilisia,1
inula-helenium-inula-racemosa,Inula helenium + Inula racemosa,10,"","",1
iteomyia-capreae,Iteomyia capreae,Insecta,Cecidomyiidae,Iteomyia,1
jacobaea-vulgaris-subsp-vulgaris,Jacobaea vulgaris subsp. vulgaris,10,Asteraceae,Jacobaea,1
leiobunum-spec-a,Leiobunum spec. A,13,Sclerosomatidae,Leiobunum,1
limnephilus-flavicornis,Limnephilus flavicornis,6,Limnephilidae,Limnephilus,1
limnephilus-spec,Limnephilus spec.,6,Limnephilidae,Limnephilus,1
lindenius-albilabris,Lindenius albilabris,17,Crabronidae,Lindenius,1
liriomyza-strigata,Liriomyza strigata,18,Agromyzidae,Liriomyza,1
lysimachia-verticillaris,Lysimachia verticillaris,Plantae,Primulaceae,Lysimachia,1
macaroeris,Macaroeris,Arachnida,Salticidae,Macaroeris,1
macropsis-spec,Macropsis spec.,15,"","",1
macrosteles-cristatus,Macrosteles cristatus,15,Cicadellidae,Macrosteles,1
melanomya,Melanomya,Insecta,Calliphoridae,Melanomya,1
melica-transsilvanica,Melica transsilvanica,10,Poaceae,Melica,1
melieria,Melieria,Insecta,Ulidiidae,Melieria,1
mentha-x-rotundifolia-m-longifolia-x-m-suaveolens,Mentha x rotundifolia (M. longifolia x M. suaveolens),10,Lamiaceae,Mentha,1
meromyza-spec,Meromyza spec.,18,Chloropidae,Meromyza,1
microgastrinae-indet,Microgastrinae indet.,17,"","",1
micropeza-corrigiolata,Micropeza corrigiolata,18,Micropezidae,Micropeza,1
mintho-rufiventris,Mintho rufiventris,18,Tachinidae,Mintho,1
mordellistena-spec,Mordellistena spec.,16,Mordellidae,Mordellistena,1
nabis-spec,Nabis spec.,15,Nabidae,Nabis,1
nemapogon-spec,Nemapogon spec.,8,Tineidae,Nemapogon,1
nemesia-melissifolia,Nemesia melissifolia,10,Scrophulariaceae,Nemesia,1
neocrepidodera-spec,Neocrepidodera spec.,16,Chrysomelidae,Neocrepidodera,1
neomochtherus-geniculatus,Neomochtherus geniculatus,18,Asilidae,Paritamus,1
nepeta-x-faassenii-n-nepetella-x-n-racemosa,Nepeta x faassenii (N. nepetella x N. racemosa),10,Lamiaceae,Nepeta,1
nephrotoma-flavescens,Nephrotoma flavescens,Insecta,Tipulidae,Nephrotoma,1
nephrotoma-flavipalpis,Nephrotoma flavipalpis,18,Tipulidae,Nephrotoma,1
nephrotoma-guestfalica,Nephrotoma guestfalica,18,Tipulidae,Nephrotoma,1
notiphila-spec,Notiphila spec.,18,Ephydridae,Notiphila,1
notostira,Notostira,Insecta,Miridae,Notostira,1
odiellus-spinosus,Odiellus spinosus,13,Phalangiidae,Odiellus,1
oedemera,Oedemera,Insecta,Oedemeridae,Oedemera,1
oncopsis-spec,Oncopsis spec.,15,Cicadellidae,Oncopsis,1
onopordum-x-beckianum-o-acanthium-x-o-illyricum,Onopordum x beckianum (O. acanthium x O. illyricum),10,Asteraceae,Onopordum,1
ophonus-rufibarbis,Ophonus rufibarbis,16,Carabidae,Ophonus,1
opomyza-germinationis-petrei,Opomyza germinationis/petrei,18,Opomyzidae,Opomyza,1
orchestes-rusci,Orchestes rusci,16,Curculionidae,Orchestes,1
orthonotus-rufifrons,Orthonotus rufifrons,15,Miridae,Orthonotus,1
orthops-basalis,Orthops basalis,15,Miridae,Orthops,1
orthotylus-marginalis,Orthotylus marginalis,15,Miridae,Orthotylus,1
otiorhynchus-aurifer,Otiorhynchus aurifer,16,Curculionidae,Otiorhynchus,1
otiorhynchus-pseudonothus,Otiorhynchus pseudonothus,Insecta,Curculionidae,Otiorhynchus,1
otiorhynchus-spec,Otiorhynchus spec.,16,Curculionidae,Otiorhynchus,1
oxybelus-uniglumis,Oxybelus uniglumis,17,Crabronidae,Oxybelus,1
panimerus-spec,Panimerus spec.,18,Psychodidae,Panimerus,1
papaver-rhoeas-cultivar,Papaver rhoeas (cultivar),10,Papaveraceae,Papaver,1
parachronistis-albiceps,Parachronistis albiceps,8,Gelechiidae,Parachronistis,1
passaloecus-corniger,Passaloecus corniger,17,Crabronidae,Passaloecus,1
periclista-spec,Periclista spec.,17,Tenthredinidae,Periclista,1
peripsychoda-auriculata,Peripsychoda auriculata,18,Psychodidae,Peripsychoda,1
peripsychoda-spec,Peripsychoda spec.,18,Psychodidae,Peripsychoda,1
perovskia-abrotanoides-x-perovskia-atriplicifolia,Perovskia abrotanoides x Perovskia atriplicifolia,10,Lamiaceae,Salvia,1
phania-funesta,Phania funesta,18,Tachinidae,Phania,1
pherbellia-cinerella,Pherbellia cinerella,Insecta,Sciomyzidae,Pherbellia,1
philodromus-albidus,Philodromus albidus,Arachnida,Philodromidae,Philodromus,1
phyllocoptes-eupadi,Phyllocoptes eupadi,13,Eriophyidae,Phyllocoptes,1
phyllosticta-cruenta,Phyllosticta cruenta,11,"","",1
phytomyza,Phytomyza,Insecta,Agromyzidae,Phytomyza,1
phytomyza-aquilegiae,Phytomyza aquilegiae,18,Agromyzidae,Phytomyza,1
phytomyza-lappae,Phytomyza lappae,18,Agromyzidae,Phytomyza,1
phytomyza-spondylii-pastinacae,Phytomyza spondylii + pastinacae,18,"","",1
phytoptus-abnormis,Phytoptus abnormis,13,Phytoptidae,Phytoptus,1
piratula-latitans,Piratula latitans,13,Lycosidae,Piratula,1
pithanus-maerkelii,Pithanus maerkelii,15,Miridae,Pithanus,1
plagiosterna-aenea,Plagiosterna aenea,16,Chrysomelidae,Plagiosterna,1
planariidae,Planariidae,Animalia,Planariidae,"",1
plateumaris-bracata,Plateumaris bracata,Insecta,Chrysomelidae,Plateumaris,1
plectosphaerella-alismatis,Plectosphaerella alismatis,11,Plectosphaerellaceae,Plectosphaerella,1
pneumia-nubila-trivialis,Pneumia nubila/trivialis,18,Psychodidae,Pneumia,1
pompilus-cinereus,Pompilus cinereus,17,Pompilidae,Pompilus,1
procambarus,Procambarus,Animalia,Cambaridae,Procambarus,1
protomyces-macrosporus,Protomyces macrosporus,11,Taphrinaceae,Protomyces,1
psyllopsis-spec,Psyllopsis spec.,15,Liviidae,Psyllopsis,1
puccinia-aegopodii,Puccinia aegopodii,11,Pucciniaceae,Puccinia,1
puccinia-allii,Puccinia allii,11,Pucciniaceae,Puccinia,1
rhaphium-spec,Rhaphium spec.,18,"","",1
rhembobius-perscrutator,Rhembobius perscrutator,17,Ichneumonidae,Rhembobius,1
rhogogaster-viridis-s-l,Rhogogaster viridis s.l.,17,Tenthredinidae,Rhogogaster,1
sawadaea-bicornis,Sawadaea bicornis,11,Erysiphaceae,Sawadaea,1
sciapus-platypterus,Sciapus platypterus,18,Dolichopodidae,Sciapus,1
sciota-rhenella,Sciota rhenella,8,Pyralidae,Sciota,1
scymnus-schmidti-gr,Scymnus schmidti-gr,16,"","",1
sepsis-spec,Sepsis spec.,18,Sepsidae,Sepsis,1
sphaeroderma-spec,Sphaeroderma spec.,16,"","",1
sphaeromias-spec,Sphaeromias spec.,18,Ceratopogonidae,Sphaeromias,1
spintherophyta,Spintherophyta,Insecta,Chrysomelidae,Spintherophyta,1
stemonitis-axifera,Stemonitis axifera,Protozoa,Stemonitidaceae,Stemonitis,1
stenolophus-mixtus,Stenolophus mixtus,16,Carabidae,Stenolophus,1
suillia-spec,Suillia spec.,18,Heleomyzidae,Suillia,1
symmorphus-crassicornis,Symmorphus crassicornis,17,Eumenidae,Symmorphus,1
symplecta-stictica,Symplecta stictica,18,Limoniidae,Symplecta,1
tachydromia,Tachydromia,Insecta,Hybotidae,Tachydromia,1
tachysphex-pompiliformis,Tachysphex pompiliformis,17,Crabronidae,Tachysphex,1
tasgius,Tasgius,Insecta,Staphylinidae,Tasgius,1
tenthredo-spec,Tenthredo spec.,17,Tenthredinidae,Tenthredo,1
tephritis,Tephritis,Insecta,"","",1
tetrix-spec,Tetrix spec.,14,Tetrigidae,Tetrix,1
thaumatomyia-spec,Thaumatomyia spec.,18,Chloropidae,Thaumatomyia,1
thelaira-nigripes,Thelaira nigripes,18,Tachinidae,Thelaira,1
thereva-cinifera,Thereva cinifera,18,Therevidae,Thereva,1
tinocallis,Tinocallis,Insecta,Aphididae,Tinocallis,1
tiphia-minuta,Tiphia minuta,17,Tiphiidae,Tiphia,1
tremulicerus-tremulae,Tremulicerus tremulae,15,Cicadellidae,Tremulicerus,1
tremulicerus-vitreus,Tremulicerus vitreus,15,Cicadellidae,Tremulicerus,1
trifolieae,Trifolieae,Plantae,"","",1
turritella-socordia,Turritella socordia,7,Turritellidae,Turritella,1
xantholinus,Xantholinus,Insecta,Staphylinidae,Xantholinus,1
xanthoria-calcicola,Xanthoria calcicola,12,Teloschistaceae,Xanthoria,1
xanthostigma-xanthostigma,Xanthostigma xanthostigma,6,Raphidiidae,Xanthostigma,1
xerocomus-chrysenteron-sl-incl-bubalinus-cisalpinus-declivitatum-porosporus,"Xerocomus chrysenteron sl, incl. bubalinus, cisalpinus, declivitatum, porosporus",11,Boletaceae,Xerocomus,1
xorides-alpestris,Xorides alpestris,17,Ichneumonidae,Xorides,1
xyleborinus,Xyleborinus,Insecta,Curculionidae,Xyleborinus,1
yponomeuta-malinellus,Yponomeuta malinellus,8,Yponomeutidae,Yponomeuta,1
zimmermannia-longicaudella-atrifrontella,Zimmermannia longicaudella / atrifrontella,8,Nepticulidae,Zimmermannia,1
Cercidiphyllum,Cercidiphyllum,"",Cercidiphyllaceae,Cercidiphyllum,0
Chitalpa,Chitalpa,"",Bignoniaceae,Chitalpa,0
Cyclocarya,Cyclocarya,"",Juglandaceae,Cyclocarya,0
Cydonia,Cydonia,"",Rosaceae,Cydonia,0
Davidia,Davidia,"",Nyssaceae,Davidia,0
Dipelta,Dipelta,"",Caprifoliaceae,Dipelta,0
Emmenopterys,Emmenopterys,"",Rubiaceae,Emmenopterys,0
Firmiana,Firmiana,"",Malvaceae,Firmiana,0
Heptacodium,Heptacodium,"",Caprifoliaceae,Heptacodium,0
Idesia,Idesia,"",Salicaceae,Idesia,0
Kalopanax,Kalopanax,"",Araliaceae,Kalopanax,0
Koelreuteria,Koelreuteria,"",Sapindaceae,Koelreuteria,0
Kolkwitzia,Kolkwitzia,"",Caprifoliaceae,Kolkwitzia,0
Leycesteria,Leycesteria,"",Caprifoliaceae,Leycesteria,0
Meliosma,Meliosma,"",Sabiaceae,Meliosma,0
Nandina,Nandina,"",Berberidaceae,Nandina,0
Oemleria,Oemleria,"",Rosaceae,Oemleria,0
Parrotia,Parrotia,"",Hamamelidaceae,Parrotia,0
Parrotiopsis,Parrotiopsis,"",Hamamelidaceae,Parrotiopsis,0
Picrasma,Picrasma,"",Simaroubaceae,Picrasma,0
Platycladus,Platycladus,"",Cupressaceae,Platycladus,0
Pterostyrax,Pterostyrax,"",Styracaceae,Pterostyrax,0
Skimmia,Skimmia,"",Rutaceae,Skimmia,0
Styphnolobium,Styphnolobium,"",Fabaceae,Styphnolobium,0
Sycoparrotia,Sycoparrotia,"",Hamamelidaceae,Sycoparrotia,0
Tetradium,Tetradium,"",Rutaceae,Tetradium,0
Thujopsis,Thujopsis,"",Cupressaceae,Thujopsis,0
Toona,Toona,"",Meliaceae,Toona,0
Trachycarpus,Trachycarpus,"",Arecaceae,Trachycarpus,0
