slug,form,hue,aspect,sat,tail,head_stripe,status,note
abia-nitens,bee,100.9,1.00,55,thin,False,ok,
abraxas-grossulariata,moth,104.7,1.00,55,thin,False,ok,
acanthus-hungaricus,,,,,,,no_form,plantae/magnoliopsida/lamiales
acanthus-spec,,,,,,,no_form,-/-/-
acentria-ephemerella,moth,27.4,1.00,55,thin,False,ok,
acer-negundo,,,,,,,no_form,plantae/magnoliopsida/sapindales
acer-platanoides,,,,,,,no_form,plantae/magnoliopsida/sapindales
acer-pseudoplatanus-f-aureovariegatum,,,,,,,no_form,plantae/magnoliopsida/sapindales
acer-saccharinum,,,,,,,no_form,plantae/magnoliopsida/sapindales
aceria-pseudoplatani,,,,,,,no_taxonomy,
achillea-millefolium-cultivar,,,,,,,no_form,plantae/magnoliopsida/asterales
achillea-ptarmica,,,,,,,no_form,plantae/magnoliopsida/asterales
acleris-bergmanniana,moth,101.3,1.00,55,thin,False,ok,
acleris-ferrugana,moth,31.1,1.00,55,thin,False,ok,
acleris-forsskaleana,moth,102.0,1.00,55,thin,False,ok,
acleris-hastiana,moth,105.4,1.00,55,thin,False,ok,
acleris-holmiana,moth,165.3,1.00,55,thin,False,ok,
acleris-logiana,moth,0.0,1.00,55,thin,False,ok,
acleris-variegana,moth,32.2,1.00,55,thin,False,ok,
acrobasis-advenella,moth,18.7,1.00,55,thin,False,ok,
acrobasis-repandana,moth,26.8,1.00,55,thin,False,ok,
acrocephalus-schoenobaenus,bird,70.3,1.00,55,thin,False,ok,
acrolepiopsis-assectella,moth,96.5,1.00,55,thin,False,ok,
acronicta-leporina,moth,55.8,1.00,55,thin,False,ok,
acronicta-psi,,,,,,,no_taxonomy,
acronicta-rumicis,moth,58.4,1.00,55,thin,False,ok,
aculus-tetanothrix,spider,0.0,1.00,35,thin,False,ok,
adaina-microdactyla,moth,22.7,1.00,55,thin,False,ok,
adalia-decempunctata,beetle,30.0,1.00,55,thin,False,ok,
adelphocoris-lineolatus,bug,92.6,1.00,45,thin,False,ok,
adiantum-venustum,,,,,,,no_form,plantae/polypodiopsida/polypodiales
adrastus-pallens,beetle,76.5,1.00,55,thin,False,ok,
aegopinella-nitidula,mollusc,34.0,0.90,55,thin,False,ok,
aelia-acuminata,bug,207.7,1.00,45,thin,False,ok,
aesculus-hippocastanum,,,,,,,no_form,plantae/magnoliopsida/sapindales
aesculus-parviflora,,,,,,,no_form,plantae/magnoliopsida/sapindales
aeshna-cyanea,dragonfly,69.1,1.00,55,thin,False,ok,
aeshna-isoceles,dragonfly,36.7,1.00,55,thin,False,ok,
aeshnidae-indet,dragonfly,41.1,1.00,55,thin,False,ok,
agaricales,mushroom,23.4,1.00,35,thin,False,ok,
agaricus-augustus,mushroom,36.0,1.00,35,thin,False,ok,
agaricus-spec,mushroom,26.7,1.00,35,thin,False,ok,
agelena-labyrinthica,spider,25.7,1.00,35,thin,False,ok,
aglais-io,moth,73.2,1.00,55,thin,False,ok,
aglais-urticae,moth,18.9,1.00,55,thin,False,ok,
aglossa-caprealis,moth,28.2,1.00,55,thin,False,ok,
aglossa-pinguinalis,moth,22.8,1.00,55,thin,False,ok,
agonopterix-heracliana-ciliella,moth,39.4,1.00,55,thin,False,ok,
agonopterix-nervosa,moth,107.1,1.00,55,thin,False,ok,
agonopterix-propinquella,moth,25.5,1.00,55,thin,False,ok,
agraylea-spec,bug,32.7,1.00,40,thin,False,ok,
agrilus-spec,,,,,,,no_form,-/-/-
agrimonia-procera,,,,,,,no_form,plantae/magnoliopsida/rosales
agrimonia-spec,,,,,,,no_form,plantae/magnoliopsida/rosales
agriotes-lineatus,beetle,22.3,1.00,55,thin,False,ok,
agriphila-geniculea,moth,27.3,1.00,55,thin,False,ok,
agriphila-inquinatella,moth,98.2,1.00,55,thin,False,ok,
agrochola-lunosa,moth,68.0,1.00,55,thin,False,ok,
agrocybe-dura,mushroom,64.2,1.00,35,thin,False,ok,
agromyza-flaviceps,bee,110.0,1.00,55,thin,False,ok,
agromyza-reptans-pseudoreptans,bee,76.2,1.00,55,thin,False,ok,
agrostemma-githago,,,,,,,no_form,plantae/magnoliopsida/caryophyllales
agrostis-spec,,,,,,,no_form,plantae/liliopsida/poales
agrotis-clavis,moth,54.7,1.00,55,thin,False,ok,
agrotis-segetum,moth,53.1,1.00,55,thin,False,ok,
agrypnus-murinus,beetle,91.2,1.00,55,thin,False,ok,
ailanthus-altissima,,,,,,,no_form,plantae/magnoliopsida/sapindales
aira-caryophyllea,,,,,,,no_form,plantae/liliopsida/poales
alauda-arvensis,bird,50.0,1.00,55,thin,False,ok,
alcedo-atthis,bird,37.1,1.00,55,thin,False,ok,
alcis-repandata,moth,20.5,1.00,55,thin,False,ok,
aleiodes-spec,bee,24.0,1.00,55,thin,False,ok,
alisma-plantago-aquatica,,,,,,,no_form,plantae/liliopsida/alismatales
alkekengi-officinarum,,,,,,,no_form,plantae/magnoliopsida/solanales
allium-spec,,,,,,,no_form,plantae/liliopsida/asparagales
althaea-officinalis,,,,,,,no_form,plantae/magnoliopsida/malvales
altica-spec,beetle,207.5,1.00,55,thin,False,ok,
amara-apricaria,beetle,5.2,1.00,55,thin,False,ok,
amara-aulica,beetle,40.0,1.00,55,thin,False,ok,
amara-spec,,,,,,,no_form,-/-/-
amaurobius-spec,spider,29.4,1.00,35,thin,False,ok,
amauromyza-verbasci,bee,168.4,1.00,55,thin,False,ok,
ambigolimax-valentianus,mollusc,198.5,1.20,55,thin,False,ok,
amblyptilia-acanthadactyla,moth,23.0,1.00,55,thin,False,ok,
amphipyra-pyramidea,moth,28.7,1.00,55,thin,False,ok,
anacampsis-blattariella,moth,0.0,1.00,55,thin,False,ok,
anania-coronata,moth,28.5,1.00,55,thin,False,ok,
anania-crocealis,moth,41.3,1.00,55,thin,False,ok,
anarsia-innoxiella,moth,85.7,1.00,55,thin,False,ok,
anas-platyrhynchos-f-domesticus,water-bird,57.4,1.00,30,thin,False,ok,
anax-imperator,dragonfly,66.8,1.00,55,thin,False,ok,
anax-parthenope,dragonfly,60.0,1.00,55,thin,False,ok,
anchusa-officinalis,,,,,,,no_form,plantae/magnoliopsida/boraginales
ancistrocerus-spec,,,,,,,no_form,animalia/-/-
ancistrocerus-trifasciatus,bee,65.9,1.00,55,thin,False,ok,
ancylis-achatana,moth,31.2,1.00,55,thin,False,ok,
ancylis-unguicella,moth,73.8,1.00,55,thin,False,ok,
andrena-dorsata,bee,18.9,1.00,55,thin,False,ok,
andrena-flavipes,bee,95.3,1.00,55,thin,False,ok,
andrena-minutula-gr,bee,37.1,1.00,55,thin,False,ok,
andricus-kollari,bee,38.0,1.00,55,thin,False,ok,
anelosimus-vittatus,spider,101.5,1.00,35,thin,False,ok,
angelica-archangelica,,,,,,,no_form,plantae/magnoliopsida/apiales
anisantha-madritensis,,,,,,,no_form,plantae/liliopsida/poales
anisantha-sterilis,,,,,,,no_form,plantae/liliopsida/poales
anisantha-tectorum,,,,,,,no_form,plantae/liliopsida/poales
anisoptera-indet,,,,,,,no_form,plantae/magnoliopsida/malvales
anobiidae-indet,beetle,85.3,1.00,55,thin,False,ok,
anodonta-cygnea,,,,,,,no_form,animalia/bivalvia/unionida
anomaloninae-indet,,,,,,,no_form,-/-/-
anomoia-purmunda,bee,69.6,1.00,55,thin,False,ok,
anser-anser-f-domesticus,water-bird,204.9,1.00,30,thin,False,ok,
anser-spec,water-bird,22.9,1.00,30,thin,False,ok,
anthemis-tinctoria,,,,,,,no_form,plantae/magnoliopsida/asterales
anthidium-manicatum,bee,72.3,1.00,55,thin,False,ok,
anthocomus-fasciatus,beetle,65.4,1.00,55,thin,False,ok,
anthomyia-procellaris,bee,79.1,1.00,55,thin,False,ok,
anthomyiidae-indet,bee,30.0,1.00,55,thin,False,ok,
anthonomus-rubi,beetle,77.4,1.00,55,thin,False,ok,
anthophila-fabriciana,moth,91.3,1.00,55,thin,False,ok,
anthophila-indet,moth,75.8,1.00,55,thin,False,ok,
anthrenus-pimpinellae,beetle,50.0,1.00,55,thin,False,ok,
anthyllis-vulneraria,,,,,,,no_form,plantae/magnoliopsida/fabales
antirrhinum-majus,,,,,,,no_form,plantae/magnoliopsida/lamiales
anyphaena-accentuata,spider,26.7,1.00,35,thin,False,ok,
apamea-lithoxylaea,moth,25.2,1.00,55,thin,False,ok,
apamea-monoglypha,moth,30.6,1.00,55,thin,False,ok,
aphididae,,,,,,,no_taxonomy,
aphis-jacobaeae,bug,68.4,1.00,45,thin,False,ok,
aphis-sambuci,bug,53.6,1.00,45,thin,False,ok,
aphomia-sociella,moth,23.6,1.00,55,thin,False,ok,
aphrodes-spec,bug,35.0,1.00,45,thin,False,ok,
apium-graveolens,,,,,,,no_form,plantae/magnoliopsida/apiales
aplocera-spec,,,,,,,no_form,-/-/-
apolygus-lucorum,bug,92.8,1.00,45,thin,False,ok,
apomyelois-bistriatella,moth,30.0,1.00,55,thin,False,ok,
aproceros-leucopoda,bee,76.1,1.00,55,thin,False,ok,
apterogenum-ypsillon,moth,62.8,1.00,55,thin,False,ok,
aquilegia-vulgaris,,,,,,,no_form,plantae/magnoliopsida/ranunculales
aquilegia-vulgaris-cultivar,,,,,,,no_form,plantae/magnoliopsida/ranunculales
aradus-brenskei,bug,23.6,1.00,45,thin,False,ok,
araneae-indet,spider,200.0,1.00,35,thin,False,ok,
araneus-spec,spider,67.5,1.00,35,thin,False,ok,
araniella-spec,spider,32.4,1.00,35,thin,False,ok,
araschnia-levana,moth,38.7,1.00,55,thin,False,ok,
archanara-dissoluta,moth,69.4,1.00,55,thin,False,ok,
archarius-crux,beetle,33.3,1.00,55,thin,False,ok,
archips-crataegana,moth,81.1,1.00,55,thin,False,ok,
archips-goyerana,,,,,,,no_taxonomy,
archips-rosana,moth,98.8,1.00,55,thin,False,ok,
archips-xylosteana,moth,29.7,1.00,55,thin,False,ok,
arctium-lappa,,,,,,,no_form,plantae/magnoliopsida/asterales
arctium-spec,,,,,,,no_form,plantae/magnoliopsida/asterales
arenaria-leptoclados-arenaria-serpyllifolia,,,,,,,no_form,-/-/-
arenostola-phragmitidis,moth,40.9,1.00,55,thin,False,ok,
arge-cyanocrocea,bee,79.0,1.00,55,thin,False,ok,
arge-pagana,bee,55.4,1.00,55,thin,False,ok,
argogorytes-mystaceus,bee,143.6,1.00,55,thin,False,ok,
argynnis-paphia,moth,35.1,1.00,55,thin,False,ok,
argyresthia-albistria,moth,34.0,1.00,55,thin,False,ok,
argyresthia-brockeella,moth,80.2,1.00,55,thin,False,ok,
argyresthia-goedartella,moth,88.8,1.00,55,thin,False,ok,
argyresthia-pygmaeella,moth,42.4,1.00,55,thin,False,ok,
argyresthia-retinella,moth,84.3,1.00,55,thin,False,ok,
argyrotaenia-ljungiana,moth,78.3,1.00,55,thin,False,ok,
arianta-arbustorum,mollusc,35.4,0.90,55,thin,False,ok,
aricia-agestis,moth,86.0,1.00,55,thin,False,ok,
arion,mollusc,29.5,1.20,55,thin,False,ok,
arion-vulgaris,mollusc,60.0,1.20,55,thin,False,ok,
aristolochia-clematitis,,,,,,,no_form,plantae/magnoliopsida/piperales
aristotelia-ericinella,moth,67.6,1.00,55,thin,False,ok,
arma-custos,bug,107.6,1.00,45,thin,False,ok,
arocatus-longiceps,bug,47.0,1.00,45,thin,False,ok,
arocatus-melanocephalus,bug,36.7,1.00,45,thin,False,ok,
arrhenatherum-elatius,,,,,,,no_form,plantae/liliopsida/poales
artemisia-vulgaris,,,,,,,no_form,plantae/magnoliopsida/asterales
arum-italicum,,,,,,,no_form,plantae/liliopsida/alismatales
arum-spec,,,,,,,no_form,-/-/-
ascobolus-brantophilus,fungus,57.9,1.00,35,thin,False,ok,
asparagus-officinalis,,,,,,,no_form,plantae/liliopsida/asparagales
asplenium-ruta-muraria,,,,,,,no_form,plantae/polypodiopsida/polypodiales
asplenium-scolopendrium,,,,,,,no_form,plantae/polypodiopsida/polypodiales
assara-terebrella,moth,84.0,1.00,55,thin,False,ok,
astacidae-cambaridae-parastacidae-indet,,,,,,,no_form,animalia/malacostraca/decapoda
astrantia-major,,,,,,,no_form,plantae/magnoliopsida/apiales
astur-gentilis,raptor,0.0,1.00,40,thin,False,ok,
athalia-rosae,bee,97.7,1.00,55,thin,False,ok,
athalia-spec,bee,65.7,1.00,55,thin,False,ok,
athene-noctua,raptor,38.6,1.00,30,thin,False,ok,
athyrium-filix-femina,,,,,,,no_form,plantae/polypodiopsida/polypodiales
atractotomus-mali,bug,20.0,1.00,45,thin,False,ok,
atyaephyra-desmarestii,,,,,,,no_form,animalia/malacostraca/decapoda
auchenorrhyncha-indet,,,,,,,no_form,-/-/-
aulagromyza-hendeliana,bee,64.8,1.00,55,thin,False,ok,
auplopus-carbonarius,bee,32.3,1.00,55,thin,False,ok,
auricularia-mesenterica,fungus,101.1,1.00,35,thin,False,ok,
avena-barbata,,,,,,,no_form,plantae/liliopsida/poales
avena-fatua,,,,,,,no_form,plantae/liliopsida/poales
aves-indet-feather,bird,101.1,1.00,55,thin,False,ok,
axylia-putris,moth,45.9,1.00,55,thin,False,ok,
baccha-elongata,bee,79.6,1.00,55,thin,False,ok,
ballota-nigra,,,,,,,no_form,plantae/magnoliopsida/lamiales
ballus-chalybeius,spider,206.8,1.00,35,thin,False,ok,
bathyphantes-gracilis,spider,55.2,1.00,35,thin,False,ok,
batia-lunaris,moth,24.3,1.00,55,thin,False,ok,
beosus-maritimus,bug,18.0,1.00,45,thin,False,ok,
berberis-julianae,,,,,,,no_form,plantae/magnoliopsida/ranunculales
beris-morrisii,bee,131.7,1.00,55,thin,False,ok,
beris-vallata,bee,43.8,1.00,55,thin,False,ok,
betonica-officinalis,,,,,,,no_form,plantae/magnoliopsida/lamiales
betulapion-simile,beetle,74.7,1.00,55,thin,False,ok,
bidens-frondosa,,,,,,,no_form,plantae/magnoliopsida/asterales
bidens-tripartita,,,,,,,no_form,plantae/magnoliopsida/asterales
biorhiza-pallida,bee,76.3,1.00,55,thin,False,ok,
biston-betularia,,,,,,,no_taxonomy,
bjerkandera-adusta,fungus,330.0,1.00,35,thin,False,ok,
blackstonia-perfoliata,,,,,,,no_form,plantae/magnoliopsida/gentianales
bledius-spec,beetle,9.8,1.00,55,thin,False,ok,
blepharipa-pratensis,bee,86.8,1.00,55,thin,False,ok,
bolboschoenus-laticarpus,,,,,,,no_form,plantae/liliopsida/poales
bolboschoenus-maritimus,,,,,,,no_form,plantae/liliopsida/poales
boletus-erythropus,mushroom,29.6,1.00,35,thin,False,ok,
boletus-luridus,mushroom,36.4,1.00,35,thin,False,ok,
borago-officinalis,,,,,,,no_form,plantae/magnoliopsida/boraginales
borkhausenia-fuscescens,moth,112.2,1.00,55,thin,False,ok,
borkhausenia-nefrax,moth,31.0,1.00,55,thin,False,ok,
brachmia-blandella,moth,82.5,1.00,55,thin,False,ok,
brachycera-indet,,,,,,,no_form,-/-/-
brachypodium-sylvaticum,,,,,,,no_form,plantae/liliopsida/poales
braconidae-indet,bee,27.8,1.00,55,thin,False,ok,
brassica-napus,,,,,,,no_form,plantae/magnoliopsida/brassicales
brassica-nigra,,,,,,,no_form,plantae/magnoliopsida/brassicales
brassicaceae-indet,,,,,,,no_form,plantae/magnoliopsida/brassicales
brevicoryne-brassicae,bug,30.6,1.00,45,thin,False,ok,
briza-maxima,,,,,,,no_form,plantae/liliopsida/poales
bromus-racemosus,,,,,,,no_form,plantae/liliopsida/poales
bromus-sitchensis,,,,,,,no_form,plantae/liliopsida/poales
bryotropha-basaltinella,moth,0.0,1.00,55,thin,False,ok,
bucculatrix-cidarella,moth,91.4,1.00,55,thin,False,ok,
bunias-orientalis,,,,,,,no_form,plantae/magnoliopsida/brassicales
butomus-umbellatus,,,,,,,no_form,plantae/liliopsida/alismatales
byturus-spec,beetle,33.0,1.00,55,thin,False,ok,
cabera-pusaria,moth,104.2,1.00,55,thin,False,ok,
cacoecimorpha-pronubana,moth,25.2,1.00,55,thin,False,ok,
calamotropha-paludella,moth,43.3,1.00,55,thin,False,ok,
calendula-officinalis,,,,,,,no_form,plantae/magnoliopsida/asterales
calliphora-spec,bee,66.7,1.00,55,thin,False,ok,
calliphora-vicina,bee,81.8,1.00,55,thin,False,ok,
calliphoridae,,,,,,,no_taxonomy,
calliphoridae-indet,bee,79.5,1.00,55,thin,False,ok,
calocybe-gambosa,mushroom,18.8,1.00,35,thin,False,ok,
calopteryx-splendens,dragonfly,76.7,1.00,55,thin,False,ok,
caloptilia-cuculipennella,moth,57.8,1.00,55,thin,False,ok,
caloptilia-hemidactylella,moth,101.7,1.00,55,thin,False,ok,
caloptilia-semifascia,moth,33.3,1.00,55,thin,False,ok,
caloptilia-spec,moth,25.0,1.00,55,thin,False,ok,
caloptilia-stigmatella,moth,86.8,1.00,55,thin,False,ok,
caltha-palustris,,,,,,,no_form,plantae/magnoliopsida/ranunculales
calvia-quatuordecimguttata,beetle,40.0,1.00,55,thin,False,ok,
campanula-persicifolia,,,,,,,no_form,plantae/magnoliopsida/asterales
campanula-portenschlagiana,,,,,,,no_form,plantae/magnoliopsida/asterales
campanula-rapunculoides,,,,,,,no_form,plantae/magnoliopsida/asterales
campanula-rapunculus,,,,,,,no_form,plantae/magnoliopsida/asterales
campanula-rotundifolia,,,,,,,no_form,plantae/magnoliopsida/asterales
campanula-trachelium,,,,,,,no_form,plantae/magnoliopsida/asterales
camptogramma-bilineata,moth,58.1,1.00,55,thin,False,ok,
candelariella-vitellina,fungus,30.0,1.00,35,thin,False,ok,
candolleomyces-candolleanus,mushroom,92.9,1.00,35,thin,False,ok,
cantharis-fusca,beetle,95.4,1.00,55,thin,False,ok,
cantharis-spec,,,,,,,no_form,animalia/-/-
capsella-bursa-pastoris,,,,,,,no_form,plantae/magnoliopsida/brassicales
carabidae-indet,beetle,27.9,1.00,55,thin,False,ok,
caradrina-clavipalpis,moth,35.4,1.00,55,thin,False,ok,
caradrina-kadenii,moth,42.7,1.00,55,thin,False,ok,
cardamine-flexuosa,,,,,,,no_form,plantae/magnoliopsida/brassicales
carduus-nutans,,,,,,,no_form,plantae/magnoliopsida/asterales
carex-hirta,,,,,,,no_form,plantae/liliopsida/poales
carex-leporina,,,,,,,no_form,plantae/liliopsida/poales
carex-otrubae,,,,,,,no_form,plantae/liliopsida/poales
carex-spicata,,,,,,,no_form,plantae/liliopsida/poales
carex-sylvatica,,,,,,,no_form,plantae/liliopsida/poales
carpatolechia-fugitivella,moth,69.0,1.00,55,thin,False,ok,
carpocoris-spec,bug,70.6,1.00,45,thin,False,ok,
caryocolum-fischerella,moth,82.6,1.00,55,thin,False,ok,
cassida-rubiginosa,beetle,81.1,1.00,55,thin,False,ok,
castanea-sativa,,,,,,,no_form,plantae/magnoliopsida/fagales
castor-spec,rodent,24.6,1.00,40,thin,False,ok,
cataclysta-lemnata,moth,43.7,1.00,55,thin,False,ok,
catapodium-rigidum,,,,,,,no_form,plantae/liliopsida/poales
catocala-fraxini,moth,33.1,1.00,55,thin,False,ok,
catoptria-verellus,moth,26.9,1.00,55,thin,False,ok,
cedrobium-laportei,bug,0.0,1.00,45,thin,False,ok,
celypha-lacunana,moth,111.5,1.00,55,thin,False,ok,
celypha-siderana,moth,73.8,1.00,55,thin,False,ok,
celypha-striana,moth,21.8,1.00,55,thin,False,ok,
centaurea-cyanus-cultivar,,,,,,,no_form,plantae/magnoliopsida/asterales
centaurium-erythraea,,,,,,,no_form,plantae/magnoliopsida/gentianales
cepaea-hortensis,mollusc,24.5,0.90,55,thin,False,ok,
cepaea-spec,,,,,,,no_form,-/-/-
cephalaria-gigantea,,,,,,,no_form,plantae/magnoliopsida/dipsacales
ceraleptus-lividus,bug,95.3,1.00,45,thin,False,ok,
cerastium-fontanum,,,,,,,no_form,plantae/magnoliopsida/caryophyllales
cerastium-glomeratum,,,,,,,no_form,plantae/magnoliopsida/caryophyllales
ceratopogonidae-indet,bee,116.0,1.00,55,thin,False,ok,
ceratostigma-plumbaginoides,,,,,,,no_form,plantae/magnoliopsida/caryophyllales
cernuella-virgata,mollusc,37.9,0.90,55,thin,False,ok,
cettia-cetti,bird,76.4,1.00,55,thin,False,ok,
chaenorhinum-minus,,,,,,,no_form,plantae/magnoliopsida/lamiales
chaenorhinum-origanifolium,,,,,,,no_form,plantae/magnoliopsida/lamiales
chaerophyllum-bulbosum,,,,,,,no_form,plantae/magnoliopsida/apiales
chamaenerion-angustifolium,,,,,,,no_form,plantae/magnoliopsida/myrtales
chaoborus-spec,bee,78.9,1.00,55,thin,False,ok,
cheilosia-illustrata,bee,73.8,1.00,55,thin,False,ok,
cheilosia-spec,bee,25.3,1.00,55,thin,False,ok,
chelostoma-rapunculi,bee,258.6,1.00,55,thin,False,ok,
chenopodiastrum-murale,,,,,,,no_form,plantae/magnoliopsida/caryophyllales
chenopodium-ficifolium,,,,,,,no_form,plantae/magnoliopsida/caryophyllales
chilo-phragmitella,moth,52.1,1.00,55,thin,False,ok,
chironomidae-indet,bee,30.0,1.00,55,thin,False,ok,
chirosia-betuleti,bee,104.7,1.00,55,thin,False,ok,
chloroclystis-v-ata,moth,32.6,1.00,55,thin,False,ok,
chlorophyllum-rhacodes,mushroom,100.5,1.00,35,thin,False,ok,
choreutis-nemorana,moth,53.1,1.00,55,thin,False,ok,
chorthippus,grasshopper,80.0,1.00,50,thin,False,ok,
chorthippus-albomarginatus,grasshopper,38.8,1.00,50,thin,False,ok,
chorthippus-biguttulus,grasshopper,21.4,1.00,50,thin,False,ok,
chorthippus-biguttulus-group,grasshopper,96.0,1.00,50,thin,False,ok,
chorthippus-dorsatus,grasshopper,82.1,1.00,50,thin,False,ok,
chromatomyia-primulae,bee,169.7,1.00,55,thin,False,ok,
chromatomyia-spinaciae,bee,123.3,1.00,55,thin,False,ok,
chromatomyia-syngenesiae,bee,200.0,1.00,55,thin,False,ok,
chrysis-ignita-gr,,,,,,,no_form,-/-/-
chrysochraon-dispar,grasshopper,90.0,1.00,50,thin,False,ok,
chrysolina-coerulans,beetle,69.5,1.00,55,thin,False,ok,
chrysoperla-carnea-s-l,bug,107.3,1.00,40,thin,False,ok,
chrysopidae,,,,,,,no_taxonomy,
chrysops-relictus,bee,120.0,1.00,55,thin,False,ok,
chrysotus-spec,bee,77.1,1.00,55,thin,False,ok,
chyromyidae-indet,bee,88.7,1.00,55,thin,False,ok,
cidaria-fulvata,moth,83.5,1.00,55,thin,False,ok,
cirsium-palustre,,,,,,,no_form,plantae/magnoliopsida/asterales
cirsium-vulgare,,,,,,,no_form,plantae/magnoliopsida/asterales
cladonia-coniocraea,fungus,123.9,0.85,35,thin,False,ok,
claytonia-perfoliata,,,,,,,no_form,plantae/magnoliopsida/caryophyllales
clematis-vitalba,,,,,,,no_form,plantae/magnoliopsida/ranunculales
clinopodium-vulgare,,,,,,,no_form,plantae/magnoliopsida/lamiales
clivina-fossor,beetle,30.0,1.00,55,thin,False,ok,
cloeon-dipterum,bug,75.7,1.00,40,thin,False,ok,
clogmia-albipunctata,bee,200.0,1.00,55,thin,False,ok,
clubiona-spec,spider,26.2,1.00,35,thin,False,ok,
clytus-arietis,beetle,20.6,1.00,55,thin,False,ok,
cnaemidophorus-rhododactyla,moth,31.9,1.00,55,thin,False,ok,
cnephaeus-serotinus,bat,28.2,1.00,30,thin,False,ok,
cnephasia-spec,moth,33.8,1.00,55,thin,False,ok,
cnephasia-stephensiana,moth,36.6,1.00,55,thin,False,ok,
coccidae,,,,,,,no_taxonomy,
cochylidia-rupicola,moth,105.0,1.00,55,thin,False,ok,
coelioxys-elongatus,bee,355.4,1.00,55,thin,False,ok,
coelioxys-spec,bee,39.3,1.00,55,thin,False,ok,
coenagrion-pulchellum,dragonfly,59.1,1.00,55,thin,False,ok,
coenagrion-spec,dragonfly,40.3,1.00,55,thin,False,ok,
coenosia-spec,bee,240.0,1.00,55,thin,False,ok,
coleophora-discordella,moth,91.2,1.00,55,thin,False,ok,
coleophora-spec,,,,,,,no_form,-/-/-
colletes-daviesanus-fodiens-similis,bee,54.6,1.00,55,thin,False,ok,
colletes-fodiens,bee,52.3,1.00,55,thin,False,ok,
colletes-spec,bee,46.2,1.00,55,thin,False,ok,
colomerus-vitis,spider,106.5,1.00,35,thin,False,ok,
coniopterygidae-indet,bug,84.6,1.00,40,thin,False,ok,
coniopteryx-spec,bug,40.5,1.00,40,thin,False,ok,
conocephalus-fuscus,grasshopper,47.3,1.00,50,thin,False,ok,
conocephalus-spec,,,,,,,no_form,-/-/-
consolida-ajacis,,,,,,,no_form,plantae/magnoliopsida/ranunculales
convolvulus-sepium,,,,,,,no_form,plantae/magnoliopsida/solanales
convolvulus-tricolor,,,,,,,no_form,plantae/magnoliopsida/solanales
conwentzia-psociformis,bug,11.3,1.00,40,thin,False,ok,
coprinellus-micaceus,mushroom,83.1,1.00,35,thin,False,ok,
coprinellus-micaceus-sl-incl-pallidissimus-saccharinus-truncorum,mushroom,28.8,1.00,35,thin,False,ok,
coprinopsis-atramentaria,mushroom,24.0,1.00,35,thin,False,ok,
coprinopsis-lagopus,mushroom,33.5,1.00,35,thin,False,ok,
coprinus-spec,mushroom,91.1,1.00,35,thin,False,ok,
coranus-spec,bug,28.5,1.00,45,thin,False,ok,
cordylepherus-viridis,beetle,91.4,1.00,55,thin,False,ok,
coreus-marginatus,bug,103.9,1.00,45,thin,False,ok,
corispermum-pallasii,,,,,,,no_form,plantae/magnoliopsida/caryophyllales
corixidae-indet,bug,37.6,1.00,45,thin,False,ok,
cornus-spec,,,,,,,no_form,plantae/magnoliopsida/cornales
cosmia-pyralina,moth,43.6,1.00,55,thin,False,ok,
cosmia-trapezina,moth,23.4,1.00,55,thin,False,ok,
cosmos-bipinnatus,,,,,,,no_form,plantae/magnoliopsida/asterales
cotinus-coggygria,,,,,,,no_form,plantae/magnoliopsida/sapindales
cotoneaster-coriaceus,,,,,,,no_form,plantae/magnoliopsida/rosales
cotoneaster-spec,,,,,,,no_form,plantae/magnoliopsida/rosales
cotula-coronopifolia,,,,,,,no_form,plantae/magnoliopsida/asterales
coturnix-coturnix,bird,61.8,1.00,55,thin,False,ok,
crabro-cribrarius,bee,33.3,1.00,55,thin,False,ok,
crabro-peltarius,bee,54.6,1.00,55,thin,False,ok,
crabronidae-indet,bee,33.7,1.00,55,thin,False,ok,
crambus-lathoniellus,moth,61.9,1.00,55,thin,False,ok,
crambus-pascuella,moth,72.1,1.00,55,thin,False,ok,
crambus-perlella,moth,80.3,1.00,55,thin,False,ok,
craniophora-ligustri,moth,64.1,1.00,55,thin,False,ok,
crassa-unitella,moth,85.8,1.00,55,thin,False,ok,
crataerina-pallida,bee,24.5,1.00,55,thin,False,ok,
cremnops-desertor,bee,74.4,1.00,55,thin,False,ok,
crepis-biennis,,,,,,,no_form,plantae/magnoliopsida/asterales
crepis-capillaris,,,,,,,no_form,plantae/magnoliopsida/asterales
crioceris-asparagi,beetle,69.2,1.00,55,thin,False,ok,
criorhina-berberina,bee,97.7,1.00,55,thin,False,ok,
crocallis-elinguaria,moth,40.3,1.00,55,thin,False,ok,
crocidura-russula,mammal,24.3,1.00,30,thin,False,ok,
crocothemis-erythraea,dragonfly,81.5,1.00,55,thin,False,ok,
crossocerus-annulipes,bee,29.2,1.00,55,thin,False,ok,
crossocerus-binotatus,bee,71.8,1.00,55,thin,False,ok,
crossocerus-spec,bee,90.0,1.00,55,thin,False,ok,
cryptinae-indet,,,,,,,no_form,-/-/-
cryptocephalus-spec,beetle,27.3,1.00,55,thin,False,ok,
cryptodiaporthe-populea,fungus,17.4,1.00,35,thin,False,ok,
cryptomyzus-ribis,bug,92.5,1.00,45,thin,False,ok,
cryptosphaeria-eunomia,fungus,20.8,1.00,35,thin,False,ok,
ctenolepisma-longicaudatum,bug,19.1,1.00,40,thin,False,ok,
ctenophora-festiva,bee,43.9,1.00,55,thin,False,ok,
ctenophora-pectinicornis,bee,86.3,1.00,55,thin,False,ok,
cucullia-chamomillae,moth,83.2,1.00,55,thin,False,ok,
cucullia-scrophulariae,moth,50.5,1.00,55,thin,False,ok,
cuculus-canorus,bird,60.0,1.00,55,thin,False,ok,
culex-pipiens-torrentium,bee,23.0,1.00,55,thin,False,ok,
culicidae-indet,bee,19.3,1.00,55,thin,False,ok,
curculionidae-scolytinae,,,,,,,no_taxonomy,
curruca-curruca,bird,50.5,1.00,55,thin,False,ok,
cybister-lateralimarginalis,beetle,32.3,1.00,55,thin,False,ok,
cydalima-perspectalis,moth,57.9,1.00,55,thin,False,ok,
cylindroiulus-caeruleocinctus,,,,,,,no_form,animalia/diplopoda/julida
cymbalaria-muralis,,,,,,,no_form,plantae/magnoliopsida/lamiales
cynara-cardunculus,,,,,,,no_form,plantae/magnoliopsida/asterales
cynara-scolymus,,,,,,,no_form,plantae/magnoliopsida/asterales
cynips-divisa,bee,93.2,1.00,55,thin,False,ok,
cynoglossum-officinale,,,,,,,no_form,plantae/magnoliopsida/boraginales
cynosurus-echinatus,,,,,,,no_form,plantae/liliopsida/poales
cyphostethus-tristriatus,bug,25.5,1.00,45,thin,False,ok,
daboecia-cantabrica,,,,,,,no_form,plantae/magnoliopsida/ericales
dacrymyces-stillatus,fungus,42.4,1.00,35,thin,False,ok,
daldinia-concentrica,fungus,13.1,1.00,35,thin,False,ok,
dalopius-marginatus,beetle,80.5,1.00,55,thin,False,ok,
dasineura-acrophila,bee,77.0,1.00,55,thin,False,ok,
dasineura-aparines,bee,86.8,1.00,55,thin,False,ok,
dasineura-gleditchiae,bee,54.2,1.00,55,thin,False,ok,
dasineura-plicatrix,bee,42.2,1.00,55,thin,False,ok,
dasineura-urticae,bee,83.3,1.00,55,thin,False,ok,
dasypoda-hirtipes,bee,38.5,1.00,55,thin,False,ok,
dasytes-spec,beetle,210.0,1.00,55,thin,False,ok,
datura-stramonium,,,,,,,no_form,plantae/magnoliopsida/solanales
datura-stramonium-var-tatula,,,,,,,no_form,plantae/magnoliopsida/solanales
daucus-carota-subsp-carota,,,,,,,no_form,plantae/magnoliopsida/apiales
deilephila-elpenor,moth,89.4,1.00,55,thin,False,ok,
deilephila-porcellus,moth,30.5,1.00,55,thin,False,ok,
deileptenia-ribeata,,,,,,,no_taxonomy,
delichon-urbicum,bird,213.3,1.00,55,thin,False,ok,
delphinium-staphisagria,,,,,,,no_form,plantae/magnoliopsida/ranunculales
deltote-pygarga,moth,57.3,1.00,55,thin,False,ok,
demeijerea-rufipes,bee,19.5,1.00,55,thin,False,ok,
depressaria-radiella,moth,18.4,1.00,55,thin,False,ok,
deraeocoris-trifasciatus,bug,107.7,1.00,45,thin,False,ok,
derephysia-foliacea,bug,32.0,1.00,45,thin,False,ok,
deroceras-laeve,mollusc,41.5,1.20,55,thin,False,ok,
deroceras-reticulatum,mollusc,37.5,1.20,55,thin,False,ok,
dexiosoma-caninum,bee,86.6,1.00,55,thin,False,ok,
diachrysia-chrysitis,moth,91.5,1.00,55,thin,False,ok,
dianthus-armeria,,,,,,,no_form,plantae/magnoliopsida/caryophyllales
dianthus-giganteus,,,,,,,no_form,plantae/magnoliopsida/caryophyllales
dianthus-spec-cultivar,,,,,,,no_form,plantae/magnoliopsida/caryophyllales
dichetophora-obliterata,bee,72.7,1.00,55,thin,False,ok,
dichomeris-marginella,moth,23.3,1.00,55,thin,False,ok,
dichrooscytus-intermedius,bug,207.8,1.00,45,thin,False,ok,
dichrooscytus-rufipennis,bug,240.0,1.00,45,thin,False,ok,
dichrorampha-petiverella,moth,70.0,1.00,55,thin,False,ok,
dichrorampha-spec,moth,82.9,1.00,55,thin,False,ok,
dicranopalpus-ramosus,spider,23.1,1.00,35,thin,False,ok,
dictyna-arundinacea,spider,89.1,1.00,35,thin,False,ok,
dicyphus-epilobii,bug,240.0,1.00,45,thin,False,ok,
dicyphus-errans,bug,67.9,1.00,45,thin,False,ok,
dicyphus-globulifer,bug,87.6,1.00,45,thin,False,ok,
digitaria-sanguinalis,,,,,,,no_form,plantae/liliopsida/poales
dilophus-febrilis,bee,52.2,1.00,55,thin,False,ok,
dioctria-hyalipennis,bee,67.1,1.00,55,thin,False,ok,
dioctria-linearis,bee,97.3,1.00,55,thin,False,ok,
diplazontinae-indet,,,,,,,no_form,-/-/-
diplotaxis-tenuifolia,,,,,,,no_form,plantae/magnoliopsida/brassicales
dipsacus-fullonum,,,,,,,no_form,plantae/magnoliopsida/dipsacales
dipsacus-pilosus,,,,,,,no_form,plantae/magnoliopsida/dipsacales
ditula-angustiorana,moth,27.4,1.00,55,thin,False,ok,
dolerus-spec,bee,40.0,1.00,55,thin,False,ok,
dolichomitus-complex,bee,46.5,1.00,55,thin,False,ok,
dolichopus-claviger,bee,87.4,1.00,55,thin,False,ok,
dolichopus-lepidus,bee,102.0,1.00,55,thin,False,ok,
dolichopus-plumipes,bee,78.1,1.00,55,thin,False,ok,
dolichopus-spec,,,,,,,no_form,animalia/-/-
dolycoris-baccarum,bug,47.5,1.00,45,thin,False,ok,
donacaula-forficella,moth,134.8,1.00,55,thin,False,ok,
donacia-clavipes,beetle,79.8,1.00,55,thin,False,ok,
donacia-semicuprea,beetle,77.0,1.00,55,thin,False,ok,
drepana-falcataria,moth,76.0,1.00,55,thin,False,ok,
drosera-rotundifolia,,,,,,,no_form,plantae/magnoliopsida/caryophyllales
dryas-iulia,moth,105.0,1.00,55,thin,False,ok,
dysmachus-trigonus,bee,71.1,1.00,55,thin,False,ok,
dysstroma-truncata,moth,40.0,1.00,55,thin,False,ok,
eccopisa-effractella,moth,78.9,1.00,55,thin,False,ok,
echinochloa-crus-galli,,,,,,,no_form,plantae/liliopsida/poales
echium-plantagineum,,,,,,,no_form,plantae/magnoliopsida/boraginales
ecnomus-tenellus,bug,34.3,1.00,40,thin,False,ok,
ectemnius-cavifrons,bee,93.7,1.00,55,thin,False,ok,
ectemnius-sexcinctus,bee,34.1,1.00,55,thin,False,ok,
ectemnius-spec,bee,87.9,1.00,55,thin,False,ok,
ectobius-vittiventris,bug,118.4,1.00,40,thin,False,ok,
ectopsocus-briggsi,bug,28.7,1.00,40,thin,False,ok,
ectopsocus-petersi,bug,102.4,1.00,40,thin,False,ok,
ectropis-crepuscularia,moth,52.1,1.00,55,thin,False,ok,
edwardsiana-geometrica,bug,43.8,1.00,45,thin,False,ok,
eilema-complana,moth,72.5,1.00,55,thin,False,ok,
eilema-depressa,moth,72.6,1.00,55,thin,False,ok,
elachista-canapennella,moth,75.8,1.00,55,thin,False,ok,
elasmucha-grisea,bug,116.8,1.00,45,thin,False,ok,
elateridae-indet,beetle,75.6,1.00,55,thin,False,ok,
elymus-repens,,,,,,,no_form,plantae/liliopsida/poales
emberiza-schoeniclus,bird,213.1,1.00,55,thin,False,ok,
emmelina-monodactyla,moth,28.9,1.00,55,thin,False,ok,
empis-livida,bee,70.9,1.00,55,thin,False,ok,
empoasca-spec,bug,26.7,1.00,45,thin,False,ok,
encyrtidae-indet,bee,66.7,1.00,55,thin,False,ok,
endrosis-sarcitrella,moth,25.4,1.00,55,thin,False,ok,
enicospilus-ramidulus,bee,25.5,1.00,55,thin,False,ok,
enicospilus-spec,bee,25.8,1.00,55,thin,False,ok,
ennomos-alniaria,moth,35.6,1.00,55,thin,False,ok,
ennomos-quercinaria,moth,44.6,1.00,55,thin,False,ok,
enolmis-acanthella,moth,20.0,1.00,55,thin,False,ok,
enoplognatha-ovata-latimana,spider,24.6,1.00,35,thin,False,ok,
enoplognatha-spec,spider,22.1,1.00,35,thin,False,ok,
ensis-leei,,,,,,,no_form,animalia/bivalvia/adapedonta
epermenia-chaerophyllella,moth,81.8,1.00,55,thin,False,ok,
epilobium-montanum,,,,,,,no_form,plantae/magnoliopsida/myrtales
epilobium-parviflorum,,,,,,,no_form,plantae/magnoliopsida/myrtales
epilobium-spec,,,,,,,no_form,plantae/magnoliopsida/myrtales
epinotia-abbreviana,moth,86.5,1.00,55,thin,False,ok,
epinotia-demarniana,moth,37.9,1.00,55,thin,False,ok,
epinotia-immundana,moth,93.3,1.00,55,thin,False,ok,
epinotia-nisella,moth,34.8,1.00,55,thin,False,ok,
epinotia-tenerana,moth,54.5,1.00,55,thin,False,ok,
epipactis-helleborine,,,,,,,no_form,plantae/liliopsida/asparagales
erannis-defoliaria,,,,,,,no_taxonomy,
eratigena-spec,spider,30.0,1.00,35,thin,False,ok,
erigeron-annuus,,,,,,,no_form,plantae/magnoliopsida/asterales
erigeron-karvinskianus,,,,,,,no_form,plantae/magnoliopsida/asterales
erigeron-sumatrensis,,,,,,,no_form,plantae/magnoliopsida/asterales
erigone-dentipalpis,spider,22.0,1.00,35,thin,False,ok,
eriocampa-ovata,bee,76.5,1.00,55,thin,False,ok,
eriophyes-inangulis,spider,116.4,1.00,35,thin,False,ok,
eristalis-arbustorum-abusiva,bee,28.3,1.00,55,thin,False,ok,
eristalis-horticola,bee,95.7,1.00,55,thin,False,ok,
eristalis-intricaria,bee,93.9,1.00,55,thin,False,ok,
eristalis-nemorum,bee,67.9,1.00,55,thin,False,ok,
eristalis-pertinax,bee,85.2,1.00,55,thin,False,ok,
eristalis-similis,bee,80.6,1.00,55,thin,False,ok,
eristalis-spec,bee,68.1,1.00,55,thin,False,ok,
erodium-cicutarium,,,,,,,no_form,plantae/magnoliopsida/geraniales
erodium-trifolium,,,,,,,no_form,plantae/magnoliopsida/geraniales
eruca-vesicaria,,,,,,,no_form,plantae/magnoliopsida/brassicales
eryngium-bourgatii,,,,,,,no_form,plantae/magnoliopsida/apiales
erysimum-bicolor,,,,,,,no_form,plantae/magnoliopsida/brassicales
erysiphe-sensu-lato,fungus,32.7,1.00,35,thin,False,ok,
erythromma-najas,dragonfly,52.5,1.00,55,thin,False,ok,
erythromma-viridulum,dragonfly,27.1,1.00,55,thin,False,ok,
eschscholzia-californica,,,,,,,no_form,plantae/magnoliopsida/ranunculales
ethmia-bipunctella,moth,77.4,1.00,55,thin,False,ok,
ethmia-quadrillella,moth,35.8,1.00,55,thin,False,ok,
ethmia-terminella,moth,195.7,1.00,55,thin,False,ok,
eucosma-campoliliana,moth,2.5,1.00,55,thin,False,ok,
eucosma-cana,moth,41.7,1.00,55,thin,False,ok,
eudemis-porphyrana,moth,106.7,1.00,55,thin,False,ok,
eudemis-profundana,moth,58.2,1.00,55,thin,False,ok,
eudonia-delunella,moth,45.0,1.00,55,thin,False,ok,
eudonia-lacustrata,moth,86.8,1.00,55,thin,False,ok,
eudonia-mercurella,moth,30.0,1.00,55,thin,False,ok,
euleia-heraclei,bee,76.7,1.00,55,thin,False,ok,
eulithis-prunata,moth,39.4,1.00,55,thin,False,ok,
eumenes-spec,bee,21.6,1.00,55,thin,False,ok,
eumerus-spec,,,,,,,no_form,animalia/-/-
euonymus-europaeus,,,,,,,no_form,plantae/magnoliopsida/celastrales
eupeodes-luniger,bee,87.6,1.00,55,thin,False,ok,
euphorbia-amygdaloides-subsp-robbiae,,,,,,,no_form,plantae/magnoliopsida/malpighiales
euphorbia-cyparissias,,,,,,,no_form,plantae/magnoliopsida/malpighiales
euphorbia-peplus,,,,,,,no_form,plantae/magnoliopsida/malpighiales
eupithecia-abbreviata,moth,43.6,1.00,55,thin,False,ok,
eupithecia-absinthiata,moth,85.5,1.00,55,thin,False,ok,
eupithecia-haworthiata,moth,36.5,1.00,55,thin,False,ok,
eupithecia-icterata,moth,37.7,1.00,55,thin,False,ok,
eupithecia-linariata,moth,30.0,1.00,55,thin,False,ok,
eupithecia-pulchellata-linariata,moth,33.6,1.00,55,thin,False,ok,
eupithecia-spec,moth,65.1,1.00,55,thin,False,ok,
eupithecia-tantillaria,moth,50.0,1.00,55,thin,False,ok,
euplexia-lucipara,moth,33.4,1.00,55,thin,False,ok,
euproctis-chrysorrhoea,moth,90.5,1.00,55,thin,False,ok,
eupterycyba-jucunda,bug,55.2,1.00,45,thin,False,ok,
eupteryx-florida,bug,71.2,1.00,45,thin,False,ok,
eurydema-oleracea,bug,34.5,1.00,45,thin,False,ok,
eurygaster-testudinaria,bug,38.4,1.00,45,thin,False,ok,
eurylabus-spec,bee,84.9,1.00,55,thin,False,ok,
eustalomyia-hilaris,bee,44.0,1.00,55,thin,False,ok,
euthrix-potatoria,moth,52.2,1.00,55,thin,False,ok,
eutomostethus-ephippium,bee,86.7,1.00,55,thin,False,ok,
eutonia-barbipes,bee,98.2,1.00,55,thin,False,ok,
evergestis-extimalis,moth,93.3,1.00,55,thin,False,ok,
evergestis-limbata,moth,43.9,1.00,55,thin,False,ok,
evergestis-pallidata,moth,44.2,1.00,55,thin,False,ok,
exephanes-ischioxanthus,bee,91.5,1.00,55,thin,False,ok,
exetastes-adpressorius,bee,135.0,1.00,55,thin,False,ok,
fagopyrum-esculentum,,,,,,,no_form,plantae/magnoliopsida/caryophyllales
falco-subbuteo,raptor,6.0,1.00,40,thin,False,ok,
fallopia-convolvulus,,,,,,,no_form,plantae/magnoliopsida/caryophyllales
fallopia-japonica,,,,,,,no_form,plantae/magnoliopsida/caryophyllales
fallopia-japonica-fallopia-sachalinensis-fallopia-x-bohemica,,,,,,,no_form,-/-/-
felis-catus,large-mammal,32.3,0.95,40,thin,False,ok,
filipendula-ulmaria,,,,,,,no_form,plantae/magnoliopsida/rosales
flavoparmelia-caperata,fungus,21.7,0.85,35,thin,False,ok,
foeniculum-vulgare,,,,,,,no_form,plantae/magnoliopsida/apiales
fomoria-septembrella,moth,69.7,1.00,55,thin,False,ok,
forcipomyia-paludis,bee,76.2,1.00,55,thin,False,ok,
forficula-auricularia-gr,bug,83.7,1.00,40,thin,False,ok,
fringilla,,,,,,,no_taxonomy,
fuchsia-spec,,,,,,,no_form,-/-/-
fungi-indet,fungus,32.7,1.00,35,thin,False,ok,
galega-officinalis,,,,,,,no_form,plantae/magnoliopsida/fabales
galeopsis-spec,,,,,,,no_form,-/-/-
galeopsis-tetrahit,,,,,,,no_form,plantae/magnoliopsida/lamiales
gambrus-carnifex,bee,90.7,1.00,55,thin,False,ok,
gammarus-tigrinus,,,,,,,no_form,animalia/malacostraca/amphipoda
gandaritis-pyraliata,moth,35.2,1.00,55,thin,False,ok,
ganoderma-adspersum,fungus,20.3,1.00,35,thin,False,ok,
ganoderma-lipsiense,fungus,105.7,1.00,35,thin,False,ok,
ganoderma-resinaceum,fungus,12.0,1.00,35,thin,False,ok,
gasteruption-spec,bee,38.7,1.00,55,thin,False,ok,
gastrolepta-anthracina,bee,92.7,1.00,55,thin,False,ok,
gastrophysa-viridula,beetle,51.6,1.00,55,thin,False,ok,
gelechiidae-indet,moth,25.2,1.00,55,thin,False,ok,
gelis-spec,bee,65.1,1.00,55,thin,False,ok,
geranium-dissectum,,,,,,,no_form,plantae/magnoliopsida/geraniales
geranium-endressii,,,,,,,no_form,plantae/magnoliopsida/geraniales
geranium-nodosum,,,,,,,no_form,plantae/magnoliopsida/geraniales
geranium-palustre,,,,,,,no_form,plantae/magnoliopsida/geraniales
geranium-phaeum,,,,,,,no_form,plantae/magnoliopsida/geraniales
geranium-psilostemon,,,,,,,no_form,plantae/magnoliopsida/geraniales
geranium-pusillum,,,,,,,no_form,plantae/magnoliopsida/geraniales
geranium-pyrenaicum,,,,,,,no_form,plantae/magnoliopsida/geraniales
geranium-spec,,,,,,,no_form,plantae/magnoliopsida/geraniales
gerridae-indet,bug,32.6,1.00,45,thin,False,ok,
gillmeria-ochrodactyla,moth,31.7,1.00,55,thin,False,ok,
glebionis-segetum,,,,,,,no_form,plantae/magnoliopsida/asterales
gleditsia-triacanthos,,,,,,,no_form,plantae/magnoliopsida/fabales
glyphotaelius-pellucidus,bug,24.7,1.00,40,thin,False,ok,
gnaphalium-luteoalbum,,,,,,,no_form,plantae/magnoliopsida/asterales
gomphocerinae-indet,,,,,,,no_form,-/-/-
gonepteryx-rhamni,moth,57.4,1.00,55,thin,False,ok,
gonioctena-viminalis,beetle,85.9,1.00,55,thin,False,ok,
gonocerus-acuteangulatus,bug,65.2,1.00,45,thin,False,ok,
gonyodiscus-rotundatus,mollusc,22.9,0.90,55,thin,False,ok,
gorytes-laticinctus,bee,74.8,1.00,55,thin,False,ok,
gracillaria-syringella,moth,94.0,1.00,55,thin,False,ok,
graphocephala-fennahi,bug,57.2,1.00,45,thin,False,ok,
grapholita-janthinana,moth,75.9,1.00,55,thin,False,ok,
grapholita-lobarzewskii,moth,35.5,1.00,55,thin,False,ok,
graphosoma-italicum,bug,77.4,1.00,45,thin,False,ok,
grypocoris-sexguttatus,bug,15.7,1.00,45,thin,False,ok,
gymnoscelis-rufifasciata,moth,25.6,1.00,55,thin,False,ok,
gymnosporangium-clavariiforme,fungus,34.5,1.00,35,thin,False,ok,
gypsonoma-dealbana,moth,79.2,1.00,55,thin,False,ok,
gypsonoma-sociana,moth,80.9,1.00,55,thin,False,ok,
habrosyne-pyritoides,moth,67.7,1.00,55,thin,False,ok,
hadena-compta,moth,38.8,1.00,55,thin,False,ok,
halictus-tumulorum,bee,49.5,1.00,55,thin,False,ok,
halyomorpha-halys,bug,15.0,1.00,45,thin,False,ok,
halyzia-sedecimguttata,beetle,22.8,1.00,55,thin,False,ok,
harmonia-axyridis-f-conspicua,beetle,22.3,1.00,55,thin,False,ok,
harmonia-axyridis-f-spectabilis,beetle,22.3,1.00,55,thin,False,ok,
harmonia-axyridis-f-succinea,beetle,22.3,1.00,55,thin,False,ok,
harmonia-quadripunctata,beetle,71.1,1.00,55,thin,False,ok,
harpalus-rubripes,beetle,33.1,1.00,55,thin,False,ok,
harpalus-spec,beetle,90.0,1.00,55,thin,False,ok,
harpella-forficella,moth,110.6,1.00,55,thin,False,ok,
hebecnema-spec,bee,62.7,1.00,55,thin,False,ok,
hecatera-bicolorata,moth,61.4,1.00,55,thin,False,ok,
hecatera-dysodea,moth,40.0,1.00,55,thin,False,ok,
hedera-helix,,,,,,,no_form,plantae/magnoliopsida/apiales
hedobia-imperialis,beetle,17.1,1.00,55,thin,False,ok,
hedya-nubiferana,moth,22.9,1.00,55,thin,False,ok,
hedya-salicella,moth,42.0,1.00,55,thin,False,ok,
hedychrum-gerstaeckeri,bee,51.9,1.00,55,thin,False,ok,
heleomyzidae-indet,bee,69.1,1.00,55,thin,False,ok,
helicoverpa-armigera,moth,64.3,1.00,55,thin,False,ok,
helina-spec,bee,27.4,1.00,55,thin,False,ok,
heliophanus-spec,spider,76.0,1.00,35,thin,False,ok,
helleborus-argutifolius,,,,,,,no_form,plantae/magnoliopsida/ranunculales
hemerocallis-fulva,,,,,,,no_form,plantae/liliopsida/asparagales
hemithea-aestivaria,moth,49.2,1.00,55,thin,False,ok,
hepialus-humuli,moth,92.0,1.00,55,thin,False,ok,
heptatoma-pellucens,bee,110.3,1.00,55,thin,False,ok,
hercostomus-nigriplantis,bee,29.1,1.00,55,thin,False,ok,
hercostomus-rusticus,bee,36.6,1.00,55,thin,False,ok,
hericium-cirrhatum,mushroom,53.3,1.00,35,thin,False,ok,
herminia-tarsicrinalis,moth,61.5,1.00,55,thin,False,ok,
herminia-tarsipennalis,moth,56.6,1.00,55,thin,False,ok,
herniaria-glabra,,,,,,,no_form,plantae/magnoliopsida/caryophyllales
heterocera-indet,moth,87.5,1.00,55,thin,False,ok,
heterocerus-spec,beetle,29.6,1.00,55,thin,False,ok,
heteroptera-indet,bee,37.0,1.00,55,thin,False,ok,
heterotoma-planicornis,bug,60.0,1.00,45,thin,False,ok,
himacerus-apterus,bug,85.8,1.00,45,thin,False,ok,
himacerus-mirmicoides,bug,68.0,1.00,45,thin,False,ok,
hippodamia-variegata,beetle,118.9,1.00,55,thin,False,ok,
hippolais-icterina,bird,61.4,1.00,55,thin,False,ok,
hippophae-rhamnoides,,,,,,,no_form,plantae/magnoliopsida/rosales
hirschfeldia-incana,,,,,,,no_form,plantae/magnoliopsida/brassicales
hofmannophila-pseudospretella,moth,35.1,1.00,55,thin,False,ok,
holcus-mollis,,,,,,,no_form,plantae/liliopsida/poales
holocnemus-pluchei,spider,260.0,1.00,35,thin,False,ok,
holopyga-generosa,bee,71.9,1.00,55,thin,False,ok,
homoeosoma-sinuella,moth,45.5,1.00,55,thin,False,ok,
hoplitis-leucomelana,bee,65.6,1.00,55,thin,False,ok,
hoplodrina-ambigua,moth,46.9,1.00,55,thin,False,ok,
hordeum-murinum-subsp-murinum,,,,,,,no_form,plantae/liliopsida/poales
hordeum-secalinum,,,,,,,no_form,plantae/liliopsida/poales
hordeum-vulgare,,,,,,,no_form,plantae/liliopsida/poales
hyalopterus-pruni,bug,93.7,1.00,45,thin,False,ok,
hybomitra-solstitialis,bee,28.4,1.00,55,thin,False,ok,
hybos-femoratus,bee,23.0,1.00,55,thin,False,ok,
hydriomena-furcata,moth,200.5,1.00,55,thin,False,ok,
hydrobius-fuscipes,beetle,231.4,1.00,55,thin,False,ok,
hydropsyche-spec,,,,,,,no_form,animalia/-/-
hygromia-cinctella,mollusc,81.0,0.90,55,thin,False,ok,
hylaeus-communis,bee,48.4,1.00,55,thin,False,ok,
hylaeus-gibbus-gr,bee,42.6,1.00,55,thin,False,ok,
hylaeus-hyalinatus,bee,50.9,1.00,55,thin,False,ok,
hylaeus-nigritus,bee,61.7,1.00,55,thin,False,ok,
hylaeus-spec,bee,62.2,1.00,55,thin,False,ok,
hypericum-androsaemum-hypericum-hircinum-hypericum-x-inodorum,,,,,,,no_form,-/-/-
hypericum-hirsutum,,,,,,,no_form,plantae/magnoliopsida/malpighiales
hypericum-spec,,,,,,,no_form,plantae/magnoliopsida/malpighiales
hypericum-tetrapterum,,,,,,,no_form,plantae/magnoliopsida/malpighiales
hypericum-x-hidcoteense-h-addingtonii-x-h-calycinum-x-h-hookerianum,,,,,,,no_form,plantae/magnoliopsida/malpighiales
hypericum-x-inodorum-h-androsaemum-x-h-hircinum,,,,,,,no_form,plantae/magnoliopsida/malpighiales
hypolimnas-bolina,moth,77.5,1.00,55,thin,False,ok,
hypomecis-punctinalis,moth,78.0,1.00,55,thin,False,ok,
hypomecis-roboraria,moth,56.1,1.00,55,thin,False,ok,
hypsopygia-costalis,moth,31.0,1.00,55,thin,False,ok,
hypsopygia-glaucinalis,moth,88.9,1.00,55,thin,False,ok,
iassus-lanio,bug,93.8,1.00,45,thin,False,ok,
iassus-scutellaris,bug,103.2,1.00,45,thin,False,ok,
iberis-umbellata,,,,,,,no_form,plantae/magnoliopsida/brassicales
ichneumon-xanthorius,bee,57.7,1.00,55,thin,False,ok,
ichneumonidae-indet,bee,32.2,1.00,55,thin,False,ok,
ichneumoninae-indet,,,,,,,no_form,-/-/-
ichthyaetus-melanocephalus,gull,82.5,1.00,12,thin,False,ok,
icius-spec,spider,79.8,1.00,35,thin,False,ok,
idaea-biselata,moth,77.8,1.00,55,thin,False,ok,
idaea-dimidiata,moth,64.0,1.00,55,thin,False,ok,
idaea-fuscovenosa,moth,65.3,1.00,55,thin,False,ok,
idaea-rusticata,moth,36.5,1.00,55,thin,False,ok,
idaea-seriata,moth,76.6,1.00,55,thin,False,ok,
idaea-straminata,moth,64.6,1.00,55,thin,False,ok,
idaea-subsericeata,moth,35.0,1.00,55,thin,False,ok,
ilex-aquifolium,,,,,,,no_form,plantae/magnoliopsida/aquifoliales
ilisia-maculata,bee,43.6,1.00,55,thin,False,ok,
inonotus-hispidus,fungus,68.6,1.00,35,thin,False,ok,
inula-helenium,,,,,,,no_form,plantae/magnoliopsida/asterales
inula-helenium-inula-racemosa,,,,,,,no_form,-/-/-
ipimorpha-subtusa,moth,39.1,1.00,55,thin,False,ok,
isatis-tinctoria,,,,,,,no_form,plantae/magnoliopsida/brassicales
ixodes-ricinus,spider,99.8,1.00,35,thin,False,ok,
jacobaea-spec,,,,,,,no_form,plantae/magnoliopsida/asterales
jacobaea-vulgaris-subsp-dunensis,,,,,,,no_form,plantae/magnoliopsida/asterales
jacobaea-vulgaris-subsp-vulgaris,,,,,,,no_form,plantae/magnoliopsida/asterales
juglans-regia,,,,,,,no_form,plantae/magnoliopsida/fagales
julidae-indet,,,,,,,no_form,animalia/diplopoda/julida
juncus-bufonius,,,,,,,no_form,plantae/liliopsida/poales
juncus-compressus,,,,,,,no_form,plantae/liliopsida/poales
juncus-effusus,,,,,,,no_form,plantae/liliopsida/poales
juncus-inflexus,,,,,,,no_form,plantae/liliopsida/poales
juncus-subnodulosus,,,,,,,no_form,plantae/liliopsida/poales
juncus-tenuis,,,,,,,no_form,plantae/liliopsida/poales
juniperus-spec,,,,,,,no_form,plantae/pinopsida/pinales
kalama-tricornis,bug,81.7,1.00,45,thin,False,ok,
kleidocerys-resedae,bug,20.0,1.00,45,thin,False,ok,
knautia-arvensis,,,,,,,no_form,plantae/magnoliopsida/dipsacales
knautia-macedonica,,,,,,,no_form,plantae/magnoliopsida/dipsacales
kniphofia-spec,,,,,,,no_form,plantae/-/-
lacanobia-oleracea,moth,58.6,1.00,55,thin,False,ok,
lactuca-serriola-f-serriola,,,,,,,no_form,plantae/magnoliopsida/asterales
laetiporus-sulphureus,fungus,114.4,1.00,35,thin,False,ok,
lagria-spec,beetle,102.5,1.00,55,thin,False,ok,
lagurus-ovatus,,,,,,,no_form,plantae/liliopsida/poales
lamiastrum-galeobdolon-subsp-argentatum,,,,,,,no_form,plantae/magnoliopsida/lamiales
lamium-album,,,,,,,no_form,plantae/magnoliopsida/lamiales
lamium-maculatum,,,,,,,no_form,plantae/magnoliopsida/lamiales
lamium-purpureum,,,,,,,no_form,plantae/magnoliopsida/lamiales
laridae-indet,gull,66.7,1.00,12,thin,False,ok,
laspeyria-flexula,moth,41.6,1.00,55,thin,False,ok,
lateroligia-ophiogramma,moth,27.6,1.00,55,thin,False,ok,
lathronympha-strigana,moth,104.8,1.00,55,thin,False,ok,
lathyrus-latifolius,,,,,,,no_form,plantae/magnoliopsida/fabales
lathyrus-pratensis,,,,,,,no_form,plantae/magnoliopsida/fabales
lathyrus-sylvestris,,,,,,,no_form,plantae/magnoliopsida/fabales
lauritrioza-alacris,bug,76.9,1.00,45,thin,False,ok,
lauxaniidae-indet,bee,94.4,1.00,55,thin,False,ok,
leccinum-duriusculum,mushroom,107.2,1.00,35,thin,False,ok,
leccinum-scabrum-sl-incl-cyaneobasileucum-melaneum-schistophilum-variicolor,mushroom,50.8,1.00,35,thin,False,ok,
lecidella-elaeochroma,fungus,46.7,0.85,35,thin,False,ok,
leiobunum-rotundum,spider,106.8,1.00,35,thin,False,ok,
leiobunum-spec-a,spider,40.0,1.00,35,thin,False,ok,
lens-culinaris,,,,,,,no_form,plantae/magnoliopsida/fabales
lentinus-tigrinus,fungus,104.2,1.00,35,thin,False,ok,
leontodon-saxatilis,,,,,,,no_form,plantae/magnoliopsida/asterales
leonurus-cardiaca,,,,,,,no_form,plantae/magnoliopsida/lamiales
lepidium-densiflorum,,,,,,,no_form,plantae/magnoliopsida/brassicales
lepidium-latifolium,,,,,,,no_form,plantae/magnoliopsida/brassicales
lepidium-ruderale,,,,,,,no_form,plantae/magnoliopsida/brassicales
lepidium-virginicum,,,,,,,no_form,plantae/magnoliopsida/brassicales
lepraria-incana,fungus,0.0,0.85,35,thin,False,ok,
lepthyphantes-minutus,spider,25.9,1.00,35,thin,False,ok,
leptoceridae-indet,bug,166.7,1.00,40,thin,False,ok,
leptocerus-tineiformis,bug,66.2,1.00,40,thin,False,ok,
leptoglossus-occidentalis,bug,24.0,1.00,45,thin,False,ok,
leptura-quadrifasciata,beetle,85.4,1.00,55,thin,False,ok,
leucania-obsoleta,moth,67.7,1.00,55,thin,False,ok,
leucoagaricus-leucothites,mushroom,75.0,1.00,35,thin,False,ok,
leucoma-salicis,moth,216.5,1.00,55,thin,False,ok,
leucospilapteryx-omissella,moth,2.3,1.00,55,thin,False,ok,
leycesteria-formosa,,,,,,,no_form,plantae/magnoliopsida/dipsacales
libellula-depressa,dragonfly,73.2,1.00,55,thin,False,ok,
limnaecia-phragmitella,moth,25.9,1.00,55,thin,False,ok,
limnephilus-flavicornis,bug,43.2,1.00,40,thin,False,ok,
limnephilus-lunatus,bug,23.3,1.00,40,thin,False,ok,
limnephilus-marmoratus,bug,21.3,1.00,40,thin,False,ok,
limnephilus-spec,bug,34.9,1.00,40,thin,False,ok,
limoniidae-indet,bee,83.1,1.00,55,thin,False,ok,
limosa-limosa,wading-bird,75.5,1.00,30,thin,False,ok,
linaria-cannabina,bird,36.0,1.00,55,thin,False,ok,
linaria-purpurea,,,,,,,no_form,plantae/magnoliopsida/lamiales
lindenius-albilabris,bee,81.4,1.00,55,thin,False,ok,
lindneromyia-dorsalis,bee,107.3,1.00,55,thin,False,ok,
linum-catharticum,,,,,,,no_form,plantae/magnoliopsida/malpighiales
linum-usitatissimum,,,,,,,no_form,plantae/magnoliopsida/malpighiales
linyphia-hortensis,spider,198.9,1.00,35,thin,False,ok,
linyphiidae-indet,spider,52.9,1.00,35,thin,False,ok,
liocoris-tripustulatus,bug,25.2,1.00,45,thin,False,ok,
liophloeus-tessulatus,beetle,37.7,1.00,55,thin,False,ok,
lipandra-polysperma,,,,,,,no_form,plantae/magnoliopsida/caryophyllales
liposthenes-glechomae,bee,87.4,1.00,55,thin,False,ok,
liriomyza-strigata,bee,80.4,1.00,55,thin,False,ok,
lithobius-spec,,,,,,,no_form,animalia/chilopoda/lithobiomorpha
lobularia-maritima,,,,,,,no_form,plantae/magnoliopsida/brassicales
locustella-luscinioides,bird,63.3,1.00,55,thin,False,ok,
lolium-perenne,,,,,,,no_form,plantae/liliopsida/poales
lomaspilis-marginata,moth,57.9,1.00,55,thin,False,ok,
lomographa-bimaculata,moth,58.4,1.00,55,thin,False,ok,
lonchaeidae-indet,bee,65.2,1.00,55,thin,False,ok,
lonicera-periclymenum,,,,,,,no_form,plantae/magnoliopsida/dipsacales
lotus-spec,,,,,,,no_form,-/-/-
lozotaeniodes-formosana,moth,26.7,1.00,55,thin,False,ok,
lucilia-spec,,,,,,,no_form,-/-/-
lumbricidae-indet,,,,,,,no_form,animalia/clitellata/crassiclitellata
lunularia-cruciata,,,,,,,no_form,plantae/marchantiopsida/lunulariales
lupinus-polyphyllus,,,,,,,no_form,plantae/magnoliopsida/fabales
luscinia-svecica,bird,65.7,1.00,55,thin,False,ok,
lycaena-phlaeas,moth,26.5,1.00,55,thin,False,ok,
lycophotia-porphyrea,moth,58.5,1.00,55,thin,False,ok,
lygocoris-pabulinus,bug,36.7,1.00,45,thin,False,ok,
lygus-spec,,,,,,,no_form,animalia/-/-
lymnaea-stagnalis,mollusc,72.9,0.90,55,thin,False,ok,
lysimachia-nummularia,,,,,,,no_form,plantae/magnoliopsida/ericales
lysimachia-punctata,,,,,,,no_form,plantae/magnoliopsida/ericales
lysimachia-vulgaris,,,,,,,no_form,plantae/magnoliopsida/ericales
macaroeris-nidicolens,spider,29.5,1.00,35,thin,False,ok,
macrocentrus-spec,bee,27.0,1.00,55,thin,False,ok,
macrochilo-cribrumalis,moth,53.3,1.00,55,thin,False,ok,
macrophya-montana,bee,72.9,1.00,55,thin,False,ok,
macropis-europaea,bee,19.0,1.00,55,thin,False,ok,
macropsis-spec,,,,,,,no_form,animalia/-/-
macrosteles-cristatus,bug,40.0,1.00,45,thin,False,ok,
malachiinae-indet,,,,,,,no_form,-/-/-
malachius-bipustulatus,beetle,15.0,1.00,55,thin,False,ok,
malus-x-domestica,,,,,,,no_form,plantae/magnoliopsida/rosales
malva-alcea,,,,,,,no_form,plantae/magnoliopsida/malvales
malva-alcea-malva-moschata,,,,,,,no_form,-/-/-
malva-sylvestris-cultivar,,,,,,,no_form,plantae/magnoliopsida/malvales
malvaceae-indet,,,,,,,no_form,plantae/magnoliopsida/malvales
mammalia-indet,,,,,,,no_form,animalia/mammalia/-
marchantia-polymorpha,,,,,,,no_form,plantae/marchantiopsida/marchantiales
matricaria-discoidea,,,,,,,no_form,plantae/magnoliopsida/asterales
meconema,grasshopper,86.8,1.00,50,thin,False,ok,
meconema-meridionale,grasshopper,72.6,1.00,50,thin,False,ok,
meconema-spec,grasshopper,98.0,1.00,50,thin,False,ok,
medicago-lupulina,,,,,,,no_form,plantae/magnoliopsida/fabales
medicago-x-varia-m-falcata-x-m-sativa,,,,,,,no_form,plantae/magnoliopsida/fabales
megachile-centuncularis,bee,265.0,1.00,55,thin,False,ok,
megachile-ericetorum,bee,267.5,1.00,55,thin,False,ok,
megachile-spec,bee,283.8,1.00,55,thin,False,ok,
megachile-versicolor,bee,61.8,1.00,55,thin,False,ok,
megachile-willughbiella,bee,79.1,1.00,55,thin,False,ok,
megalocoleus-molliculus,bug,39.6,1.00,45,thin,False,ok,
melanoleuca-verrucipes,mushroom,20.0,1.00,35,thin,False,ok,
melanostoma-scalare,bee,76.6,1.00,55,thin,False,ok,
melanotus-spec,,,,,,,no_form,-/-/-
melica-transsilvanica,,,,,,,no_form,plantae/liliopsida/poales
meligramma-triangulifera,bee,86.1,1.00,55,thin,False,ok,
melilotus-altissimus-melilotus-officinalis,,,,,,,no_form,-/-/-
melilotus-officinalis,,,,,,,no_form,plantae/magnoliopsida/fabales
meliscaeva-auricollis,bee,57.8,1.00,55,thin,False,ok,
melissa-officinalis,,,,,,,no_form,plantae/magnoliopsida/lamiales
mellinus-arvensis,bee,27.7,1.00,55,thin,False,ok,
melolontha-melolontha,beetle,30.0,1.00,55,thin,False,ok,
mentha-x-rotundifolia-m-longifolia-x-m-suaveolens,,,,,,,no_form,plantae/magnoliopsida/lamiales
meromyza-spec,bee,58.3,1.00,55,thin,False,ok,
mespilus-germanica,,,,,,,no_form,plantae/magnoliopsida/rosales
metalampra-italica,moth,32.4,1.00,55,thin,False,ok,
metasequoia-glyptostroboides,,,,,,,no_form,plantae/pinopsida/pinales
metzneria-lappella,moth,90.0,1.00,55,thin,False,ok,
microchrysa-polita,bee,160.0,1.00,55,thin,False,ok,
microgastrinae-indet,,,,,,,no_form,-/-/-
microlinyphia-pusilla,spider,202.5,1.00,35,thin,False,ok,
micromus-variegatus,bug,85.3,1.00,40,thin,False,ok,
micropeza-corrigiolata,bee,88.7,1.00,55,thin,False,ok,
mikiola-fagi,bee,105.8,1.00,55,thin,False,ok,
mimulus-guttatus,,,,,,,no_form,plantae/magnoliopsida/lamiales
mintho-rufiventris,bee,39.2,1.00,55,thin,False,ok,
mirabilis-jalapa,,,,,,,no_form,plantae/magnoliopsida/caryophyllales
miscanthus-spec,,,,,,,no_form,plantae/liliopsida/poales
misopates-orontium,,,,,,,no_form,plantae/magnoliopsida/lamiales
misumena-vatia,spider,285.5,1.00,35,thin,False,ok,
mnemiopsis-leidyi,,,,,,,no_form,animalia/tentaculata/lobata
mompha-epilobiella,moth,43.8,1.00,55,thin,False,ok,
mompha-ochraceella,moth,38.9,1.00,55,thin,False,ok,
mompha-subbistrigella,moth,21.0,1.00,55,thin,False,ok,
monacha-cantiana,mollusc,75.4,0.90,55,thin,False,ok,
mononychus-punctumalbum,beetle,49.8,1.00,55,thin,False,ok,
monopis-crocicapitella,moth,90.0,1.00,55,thin,False,ok,
mordellistena-spec,beetle,20.0,1.00,55,thin,False,ok,
mormo-maura,moth,40.4,1.00,55,thin,False,ok,
morus-alba,,,,,,,no_form,plantae/magnoliopsida/rosales
musca-autumnalis,bee,75.0,1.00,55,thin,False,ok,
muscicapa-striata,bird,343.9,1.00,55,thin,False,ok,
muscidae-indet,bee,53.8,1.00,55,thin,False,ok,
mustelidae-indet,large-mammal,125.7,0.55,15,none,False,ok,
myiopsitta-monachus,bird,70.6,1.00,55,thin,False,ok,
myosotis-arvensis,,,,,,,no_form,plantae/magnoliopsida/boraginales
myosotis-laxa,,,,,,,no_form,plantae/magnoliopsida/boraginales
myosotis-sylvatica,,,,,,,no_form,plantae/magnoliopsida/boraginales
myotis-daubentonii,bat,34.7,1.00,30,thin,False,ok,
mystacides-longicornis,bug,150.0,1.00,40,thin,False,ok,
mystacides-nigra,bug,23.6,1.00,40,thin,False,ok,
mythimna-albipuncta,moth,30.0,1.00,55,thin,False,ok,
mythimna-impura,moth,73.3,1.00,55,thin,False,ok,
mythimna-pallens,moth,31.3,1.00,55,thin,False,ok,
mythimna-straminea,moth,50.2,1.00,55,thin,False,ok,
nabis-spec,bug,96.1,1.00,45,thin,False,ok,
nacerdes-melanura,beetle,31.4,1.00,55,thin,False,ok,
nassella-tenuissima,,,,,,,no_form,plantae/liliopsida/poales
nemapogon-spec,moth,24.7,1.00,55,thin,False,ok,
nemesia-melissifolia,,,,,,,no_form,plantae/magnoliopsida/lamiales
nemotelus-pantherinus,bee,34.4,1.00,55,thin,False,ok,
neoascia-spec,bee,22.3,1.00,55,thin,False,ok,
neocrepidodera-spec,beetle,33.0,1.00,55,thin,False,ok,
neolecanium-cornuparvum,bug,99.0,1.00,45,thin,False,ok,
neomochtherus-geniculatus,bee,93.3,1.00,55,thin,False,ok,
nepeta-x-faassenii-n-nepetella-x-n-racemosa,,,,,,,no_form,plantae/magnoliopsida/lamiales
nephopterix-angustella,moth,94.4,1.00,55,thin,False,ok,
nephrotoma-cornicina,bee,52.2,1.00,55,thin,False,ok,
nephrotoma-flavipalpis,bee,32.1,1.00,55,thin,False,ok,
nephrotoma-guestfalica,bee,26.2,1.00,55,thin,False,ok,
nephrotoma-spec,bee,72.8,1.00,55,thin,False,ok,
nerium-oleander,,,,,,,no_form,plantae/magnoliopsida/gentianales
netta-rufina,water-bird,31.8,1.00,30,thin,False,ok,
neurotoma-saltuum,bee,84.0,1.00,55,thin,False,ok,
nicandra-physalodes,,,,,,,no_form,plantae/magnoliopsida/solanales
nicotiana-alata,,,,,,,no_form,plantae/magnoliopsida/solanales
nicotiana-sylvestris,,,,,,,no_form,plantae/magnoliopsida/solanales
nigella-damascena,,,,,,,no_form,plantae/magnoliopsida/ranunculales
noctua-comes,moth,15.0,1.00,55,thin,False,ok,
noctua-fimbriata,moth,33.9,1.00,55,thin,False,ok,
nomada-flava,bee,62.5,1.00,55,thin,False,ok,
nomada-flavoguttata,bee,28.0,1.00,55,thin,False,ok,
nomada-fucata,bee,37.9,1.00,55,thin,False,ok,
nomada-zonata,bee,70.6,1.00,55,thin,False,ok,
norellisoma-spinimanum,bee,83.6,1.00,55,thin,False,ok,
notiphila-spec,bee,30.9,1.00,55,thin,False,ok,
notocelia-uddmanniana,moth,27.0,1.00,55,thin,False,ok,
notonecta-spec,bug,24.9,1.00,45,thin,False,ok,
notostira-elongata,bug,86.4,1.00,45,thin,False,ok,
notoxus-monoceros,beetle,17.2,1.00,55,thin,False,ok,
nuctenea-umbratica,spider,23.1,1.00,35,thin,False,ok,
nycticorax-nycticorax,wading-bird,24.9,1.00,15,thin,False,ok,
obolodiplosis-robiniae,bee,139.6,1.00,55,thin,False,ok,
obrium-cantharinum,beetle,66.2,1.00,55,thin,False,ok,
ochlodes-sylvanus,moth,98.2,1.00,55,thin,False,ok,
ochropacha-duplaris,moth,38.9,1.00,55,thin,False,ok,
ochropleura-plecta,moth,54.9,1.00,55,thin,False,ok,
odiellus-spinosus,spider,21.2,1.00,35,thin,False,ok,
odontomyia-tigrina,bee,78.9,1.00,55,thin,False,ok,
oecetis-ochracea,bug,46.3,1.00,40,thin,False,ok,
oedemera-lurida-virescens,beetle,40.3,1.00,55,thin,False,ok,
oedemeridae-indet,beetle,88.5,1.00,55,thin,False,ok,
oegoconia-deauratella,moth,101.9,1.00,55,thin,False,ok,
oenothera-deflexa,,,,,,,no_form,plantae/magnoliopsida/myrtales
oenothera-spec,,,,,,,no_form,plantae/magnoliopsida/myrtales
oenothera-x-fallax-o-biennis-x-o-glazioviana,,,,,,,no_form,plantae/magnoliopsida/myrtales
oligia-latruncula,moth,52.5,1.00,55,thin,False,ok,
oligia-spec,moth,30.0,1.00,55,thin,False,ok,
oligia-strigilis,moth,30.0,1.00,55,thin,False,ok,
oncopsis-spec,bug,20.0,1.00,45,thin,False,ok,
oncorhynchus-mykiss,fish,77.0,1.20,45,thin,False,ok,
ononis-spinosa,,,,,,,no_form,plantae/magnoliopsida/fabales
ononis-spinosa-subsp-procurrens,,,,,,,no_form,plantae/magnoliopsida/fabales
onopordum-acanthium-agg,,,,,,,no_form,plantae/magnoliopsida/asterales
onopordum-x-beckianum-o-acanthium-x-o-illyricum,,,,,,,no_form,plantae/magnoliopsida/asterales
ophonus-rufibarbis,beetle,34.3,1.00,55,thin,False,ok,
opiliones-indet,spider,97.2,1.00,35,thin,False,ok,
opomyza-germinationis-petrei,bee,202.5,1.00,55,thin,False,ok,
orchesella-villosa,,,,,,,no_form,animalia/collembola/entomobryomorpha
orchestes-rusci,beetle,78.0,1.00,55,thin,False,ok,
orgyia-antiqua,moth,18.3,1.00,55,thin,False,ok,
orientus-ishidae,bug,84.8,1.00,45,thin,False,ok,
origanum-vulgare,,,,,,,no_form,plantae/magnoliopsida/lamiales
ornithogalum-umbellatum,,,,,,,no_form,plantae/liliopsida/asparagales
orobanche-hederae,,,,,,,no_form,plantae/magnoliopsida/lamiales
orobanche-purpurea,,,,,,,no_form,plantae/magnoliopsida/lamiales
orthonotus-rufifrons,bug,100.0,1.00,45,thin,False,ok,
orthops-basalis,bug,85.2,1.00,45,thin,False,ok,
orthotrichia-costalis,bug,150.0,1.00,40,thin,False,ok,
orthotylus-marginalis,bug,68.3,1.00,45,thin,False,ok,
ostrya-carpinifolia,,,,,,,no_form,plantae/magnoliopsida/fagales
otiorhynchus-aurifer,beetle,36.4,1.00,55,thin,False,ok,
otiorhynchus-rugosostriatus,beetle,15.0,1.00,55,thin,False,ok,
otiorhynchus-spec,beetle,80.7,1.00,55,thin,False,ok,
ourapteryx-sambucaria,moth,24.0,1.00,55,thin,False,ok,
oxalis-debilis,,,,,,,no_form,plantae/magnoliopsida/oxalidales
oxalis-stricta,,,,,,,no_form,plantae/magnoliopsida/oxalidales
oxalis-tetraphylla,,,,,,,no_form,plantae/magnoliopsida/oxalidales
oxybasis-glauca,,,,,,,no_form,plantae/magnoliopsida/caryophyllales
oxybasis-rubra,,,,,,,no_form,plantae/magnoliopsida/caryophyllales
oxybelus-bipunctatus,bee,30.8,1.00,55,thin,False,ok,
oxybelus-uniglumis,bee,77.6,1.00,55,thin,False,ok,
oxychilus-draparnaudi,mollusc,45.0,0.90,55,thin,False,ok,
oxythyrea-funesta,beetle,92.3,1.00,55,thin,False,ok,
pachygaster-leachii,bee,77.0,1.00,55,thin,False,ok,
pacifastacus-leniusculus,,,,,,,no_form,animalia/malacostraca/decapoda
palloptera-muliebris,bee,24.4,1.00,55,thin,False,ok,
palloptera-ustulata,bee,75.3,1.00,55,thin,False,ok,
pammene-fasciana,moth,13.6,1.00,55,thin,False,ok,
pammene-regiana,moth,92.4,1.00,55,thin,False,ok,
pamphilius-inanitus,bee,100.4,1.00,55,thin,False,ok,
panaeolina-foenisecii,mushroom,79.7,1.00,35,thin,False,ok,
pandemis-cerasana,moth,37.4,1.00,55,thin,False,ok,
pandemis-heparana,moth,27.8,1.00,55,thin,False,ok,
panicum-miliaceum,,,,,,,no_form,plantae/liliopsida/poales
panimerus-spec,bee,21.2,1.00,55,thin,False,ok,
panorpa-communis,bug,78.1,1.00,40,thin,False,ok,
panorpa-vulgaris,bug,83.8,1.00,40,thin,False,ok,
papaver-dubium,,,,,,,no_form,plantae/magnoliopsida/ranunculales
papaver-rhoeas-cultivar,,,,,,,no_form,plantae/magnoliopsida/ranunculales
papaver-setiferum,,,,,,,no_form,plantae/magnoliopsida/ranunculales
papilio-machaon,moth,66.3,1.00,55,thin,False,ok,
parachronistis-albiceps,moth,43.6,1.00,55,thin,False,ok,
paracolopha-morrisoni,bug,93.6,1.00,45,thin,False,ok,
paracorymbia-fulva,beetle,40.3,1.00,55,thin,False,ok,
paralaoma-servilis,mollusc,30.0,0.90,55,thin,False,ok,
paranthrene-tabaniformis,moth,78.4,1.00,55,thin,False,ok,
parapoynx-stratiotata,moth,72.9,1.00,55,thin,False,ok,
parasola-plicatilis-sl-incl-galericuliformis-hercules-kuehneri-leiocephala-megasperma-schroeteri,mushroom,111.9,1.00,35,thin,False,ok,
parasteatoda-tepidariorum,spider,10.4,1.00,35,thin,False,ok,
parastichtis-suspecta,moth,69.6,1.00,55,thin,False,ok,
paraswammerdamia-nebulella,moth,147.3,1.00,55,thin,False,ok,
pardosa-spec,spider,33.0,1.00,35,thin,False,ok,
parentucellia-viscosa,,,,,,,no_form,plantae/magnoliopsida/lamiales
parhelophilus-spec,bee,29.0,1.00,55,thin,False,ok,
parietaria-judaica,,,,,,,no_form,plantae/magnoliopsida/rosales
parietaria-officinalis,,,,,,,no_form,plantae/magnoliopsida/rosales
parthenolecanium-corni,bug,74.5,1.00,45,thin,False,ok,
pasiphila-debiliata,moth,210.0,1.00,55,thin,False,ok,
pasiphila-rectangulata,moth,62.3,1.00,55,thin,False,ok,
passaloecus-corniger,bee,34.9,1.00,55,thin,False,ok,
passaloecus-spec,bee,91.6,1.00,55,thin,False,ok,
pastinaca-sativa,,,,,,,no_form,plantae/magnoliopsida/apiales
pechipogo-plumigeralis,moth,26.7,1.00,55,thin,False,ok,
pediasia-contaminella,moth,41.1,1.00,55,thin,False,ok,
pediopsis-tiliae,bug,86.9,1.00,45,thin,False,ok,
pelophylax-kl-esculentus,amphibian,64.2,0.95,50,thin,False,ok,
pelophylax-spec,amphibian,96.2,0.95,50,thin,False,ok,
pelosia-obtusa,moth,58.8,1.00,55,thin,False,ok,
pemphredon-spec,bee,65.8,1.00,55,thin,False,ok,
peribalus-strictus,bug,74.7,1.00,45,thin,False,ok,
peribatodes-rhomboidaria,moth,30.9,1.00,55,thin,False,ok,
peribatodes-secundaria,moth,66.4,1.00,55,thin,False,ok,
periclista-spec,bee,19.7,1.00,55,thin,False,ok,
periplaneta-australasiae,bug,16.0,1.00,40,thin,False,ok,
peripsychoda-auriculata,bee,35.2,1.00,55,thin,False,ok,
peripsychoda-spec,bee,44.1,1.00,55,thin,False,ok,
perizoma-alchemillata,moth,34.6,1.00,55,thin,False,ok,
perizoma-flavofasciata,moth,26.7,1.00,55,thin,False,ok,
perovskia-abrotanoides,,,,,,,no_form,plantae/magnoliopsida/lamiales
perovskia-abrotanoides-x-perovskia-atriplicifolia,,,,,,,no_form,plantae/magnoliopsida/lamiales
perovskia-spec,,,,,,,no_form,plantae/magnoliopsida/lamiales
persicaria-amphibia,,,,,,,no_form,plantae/magnoliopsida/caryophyllales
persicaria-amplexicaulis,,,,,,,no_form,plantae/magnoliopsida/caryophyllales
persicaria-lapathifolia,,,,,,,no_form,plantae/magnoliopsida/caryophyllales
persicaria-lapathifolia-persicaria-maculosa,,,,,,,no_form,-/-/-
petasites-hybridus,,,,,,,no_form,plantae/magnoliopsida/asterales
petrorhagia-saxifraga,,,,,,,no_form,plantae/magnoliopsida/caryophyllales
petunia-x-punctata-p-axillaris-x-p-integrifolia,,,,,,,no_form,plantae/magnoliopsida/solanales
phacelia-tanacetifolia,,,,,,,no_form,plantae/magnoliopsida/boraginales
phalaris-arundinacea,,,,,,,no_form,plantae/liliopsida/poales
phalera-bucephala,moth,65.0,1.00,55,thin,False,ok,
phania-funesta,bee,45.0,1.00,55,thin,False,ok,
phaonia-spec,bee,85.4,1.00,55,thin,False,ok,
phedimus-hybridus,,,,,,,no_form,plantae/magnoliopsida/saxifragales
phedimus-kamtschaticus,,,,,,,no_form,plantae/magnoliopsida/saxifragales
philadelphus-spec,,,,,,,no_form,plantae/magnoliopsida/cornales
philanthus-triangulum,bee,27.7,1.00,55,thin,False,ok,
philereme-transversata,moth,29.0,1.00,55,thin,False,ok,
philereme-vetulata,moth,88.6,1.00,55,thin,False,ok,
philodromus-spec,spider,51.2,1.00,35,thin,False,ok,
philonicus-albiceps,bee,57.5,1.00,55,thin,False,ok,
philopedon-plagiatum,beetle,33.3,1.00,55,thin,False,ok,
philosepedon-spec,bee,16.3,1.00,55,thin,False,ok,
phlogophora-meticulosa,moth,49.6,1.00,55,thin,False,ok,
phoenicurus-ochruros,bird,207.6,1.00,55,thin,False,ok,
pholcus-phalangioides,spider,27.2,1.00,35,thin,False,ok,
phoridae-indet,,,,,,,no_form,animalia/-/-
photedes-minima,moth,29.0,1.00,55,thin,False,ok,
phragmataecia-castaneae,moth,40.3,1.00,55,thin,False,ok,
phragmatobia-fuliginosa,moth,56.5,1.00,55,thin,False,ok,
phycita-roborella,moth,11.5,1.00,55,thin,False,ok,
phycitodes-binaevella,moth,44.0,1.00,55,thin,False,ok,
phycitodes-spec,moth,23.6,1.00,55,thin,False,ok,
phyllocnistis-xenia,moth,93.1,1.00,55,thin,False,ok,
phyllocoptes-eupadi,spider,80.5,1.00,35,thin,False,ok,
phyllonorycter-comparella,moth,206.7,1.00,55,thin,False,ok,
phyllonorycter-lautella,moth,155.5,1.00,55,thin,False,ok,
phyllonorycter-muelleriella,moth,20.9,1.00,55,thin,False,ok,
phyllonorycter-platani,moth,77.8,1.00,55,thin,False,ok,
phyllonorycter-quinqueguttella,moth,15.8,1.00,55,thin,False,ok,
phyllosticta-cruenta,fungus,101.0,1.00,35,thin,False,ok,
phymatocera-aterrima,bee,65.9,1.00,55,thin,False,ok,
physcia-caesia,fungus,27.7,1.00,35,thin,False,ok,
physconia-grisea,fungus,204.0,1.00,35,thin,False,ok,
physella-acuta,mollusc,35.4,0.90,55,thin,False,ok,
physocephala-rufipes,bee,352.5,1.00,55,thin,False,ok,
phytocoris-ulmi,bug,82.2,1.00,45,thin,False,ok,
phytocoris-varipes,bug,83.5,1.00,45,thin,False,ok,
phytomyza-aquilegiae,bee,96.8,1.00,55,thin,False,ok,
phytomyza-ilicis,bee,112.5,1.00,55,thin,False,ok,
phytomyza-lappae,bee,82.3,1.00,55,thin,False,ok,
phytomyza-senecionis,bee,95.2,1.00,55,thin,False,ok,
phytomyza-spondylii-pastinacae,,,,,,,no_form,-/-/-
phytophthora-lateralis,,,,,,,no_form,-/-/-
phytoptus-abnormis,spider,95.6,1.00,35,thin,False,ok,
pieris-mannii,moth,23.8,1.00,55,thin,False,ok,
pieris-rapae-napi,moth,78.3,1.00,55,thin,False,ok,
pieris-rapae-rapae,moth,78.3,1.00,55,thin,False,ok,
piezodorus-lituratus,bug,66.0,1.00,45,thin,False,ok,
pimpinella-major,,,,,,,no_form,plantae/magnoliopsida/apiales
pimpla-rufipes,bee,70.8,1.00,55,thin,False,ok,
pimplinae-indet,,,,,,,no_form,-/-/-
piniphila-bifasciana,moth,23.0,1.00,55,thin,False,ok,
pipunculidae-indet,bee,214.3,1.00,55,thin,False,ok,
piratula-latitans,spider,17.3,1.00,35,thin,False,ok,
pisaura-mirabilis,spider,65.8,1.00,35,thin,False,ok,
pithanus-maerkelii,bug,76.7,1.00,45,thin,False,ok,
plagiognathus-arbustorum,bug,92.9,1.00,45,thin,False,ok,
plagiognathus-chrysanthemi,bug,306.7,1.00,45,thin,False,ok,
plagiosterna-aenea,beetle,81.1,1.00,55,thin,False,ok,
plantago-coronopus,,,,,,,no_form,plantae/magnoliopsida/lamiales
planuncus-tingitanus-s-l,bug,24.6,1.00,40,thin,False,ok,
platanus-x-hispanica-p-occidentalis-x-p-orientalis,,,,,,,no_form,plantae/magnoliopsida/proteales
platycheirus-albimanus,bee,90.0,1.00,55,thin,False,ok,
platyedra-subcinerea,moth,29.4,1.00,55,thin,False,ok,
platypalpus-spec,bee,97.1,1.00,55,thin,False,ok,
platyptilia-gonodactyla,moth,28.0,1.00,55,thin,False,ok,
plectosphaerella-alismatis,fungus,56.7,1.00,35,thin,False,ok,
plemyria-rubiginata,moth,31.9,1.00,55,thin,False,ok,
pneumia-nubila-trivialis,bee,237.8,1.00,55,thin,False,ok,
poa-annua,,,,,,,no_form,plantae/liliopsida/poales
poa-compressa,,,,,,,no_form,plantae/liliopsida/poales
poa-trivialis,,,,,,,no_form,plantae/liliopsida/poales
poaceae-indet,,,,,,,no_form,plantae/liliopsida/poales
polistes-dominula,bee,27.3,1.00,55,thin,False,ok,
pollenia-spec,bee,117.0,1.00,55,thin,False,ok,
polycarpon-tetraphyllum,,,,,,,no_form,plantae/magnoliopsida/caryophyllales
polygonum-aviculare,,,,,,,no_form,plantae/magnoliopsida/caryophyllales
polyommatus-icarus,moth,47.6,1.00,55,thin,False,ok,
polypodium-interjectum-polypodium-vulgare,,,,,,,no_form,-/-/-
polypodium-spec,,,,,,,no_form,-/-/-
polyporus-squamosus,fungus,109.1,1.00,35,thin,False,ok,
polyxenus-lagurus,,,,,,,no_form,animalia/diplopoda/polyxenida
pompilidae-indet,bee,13.3,1.00,55,thin,False,ok,
pompilus-cinereus,bee,20.0,1.00,55,thin,False,ok,
pontania-proxima,bee,96.0,1.00,55,thin,False,ok,
populus-nigra-italica,,,,,,,no_form,plantae/magnoliopsida/malpighiales
populus-spec,,,,,,,no_form,plantae/magnoliopsida/malpighiales
populus-tremula,,,,,,,no_form,plantae/magnoliopsida/malpighiales
populus-x-canadensis-p-deltoides-x-p-nigra,,,,,,,no_form,plantae/magnoliopsida/malpighiales
populus-x-canescens-p-alba-x-p-tremula,,,,,,,no_form,plantae/magnoliopsida/malpighiales
porcellio-spinicornis,,,,,,,no_form,animalia/malacostraca/isopoda
portulaca-oleracea,,,,,,,no_form,plantae/magnoliopsida/caryophyllales
potentilla-anserina,,,,,,,no_form,plantae/magnoliopsida/rosales
potentilla-argentea,,,,,,,no_form,plantae/magnoliopsida/rosales
potentilla-norvegica,,,,,,,no_form,plantae/magnoliopsida/rosales
potentilla-reptans,,,,,,,no_form,plantae/magnoliopsida/rosales
prays-fraxinella,moth,39.8,1.00,55,thin,False,ok,
prays-ruficeps,moth,45.0,1.00,55,thin,False,ok,
pristiphora-pallidiventris,bee,36.9,1.00,55,thin,False,ok,
proteroiulus-fuscus,,,,,,,no_form,animalia/diplopoda/julida
protomyces-macrosporus,fungus,79.1,1.00,35,thin,False,ok,
protoparmeliopsis-muralis,fungus,50.9,0.85,35,thin,False,ok,
prunus-avium,,,,,,,no_form,plantae/magnoliopsida/rosales
prunus-spinosa,,,,,,,no_form,plantae/magnoliopsida/rosales
pseudofumaria-lutea,,,,,,,no_form,plantae/magnoliopsida/ranunculales
pseudoips-prasinana,moth,61.6,1.00,55,thin,False,ok,
pseudovadonia-livida,beetle,75.8,1.00,55,thin,False,ok,
psittacula,bird,27.1,1.00,55,thin,False,ok,
psyllopsis-spec,bug,31.6,1.00,45,thin,False,ok,
pterophorus-pentadactyla,moth,109.2,1.00,55,thin,False,ok,
pterostichus-niger,beetle,15.7,1.00,55,thin,False,ok,
pterostichus-spec,beetle,30.7,1.00,55,thin,False,ok,
pterostoma-palpina,moth,70.8,1.00,55,thin,False,ok,
ptilodon-capucina,moth,111.4,1.00,55,thin,False,ok,
ptychoptera-contaminata,bee,20.0,1.00,55,thin,False,ok,
puccinia-aegopodii,fungus,82.1,1.00,35,thin,False,ok,
puccinia-allii,fungus,70.8,1.00,35,thin,False,ok,
pulicaria-dysenterica,,,,,,,no_form,plantae/magnoliopsida/asterales
punctelia-borreri,fungus,90.0,0.85,35,thin,False,ok,
pyralis-farinalis,moth,62.8,1.00,55,thin,False,ok,
pyrausta-aurata,moth,65.6,1.00,55,thin,False,ok,
pyrrhalta-viburni,beetle,81.2,1.00,55,thin,False,ok,
pyrrhocoris-apterus,bug,90.5,1.00,45,thin,False,ok,
pyrrhosoma-nymphula,dragonfly,78.9,1.00,55,thin,False,ok,
pyrus-communis,,,,,,,no_form,plantae/magnoliopsida/rosales
quercus-ilex,,,,,,,no_form,plantae/magnoliopsida/fagales
rabdophaga-rosaria,bee,94.7,1.00,55,thin,False,ok,
rallus-aquaticus,water-bird,25.0,1.00,20,thin,False,ok,
ramalina-farinacea,fungus,72.0,0.85,35,thin,False,ok,
ranunculus-lanuginosus,,,,,,,no_form,plantae/magnoliopsida/ranunculales
ranunculus-repens,,,,,,,no_form,plantae/magnoliopsida/ranunculales
raphanus-spec,,,,,,,no_form,plantae/magnoliopsida/brassicales
reseda-lutea,,,,,,,no_form,plantae/magnoliopsida/brassicales
reseda-luteola,,,,,,,no_form,plantae/magnoliopsida/brassicales
rhadinoceraea-micans,bee,145.5,1.00,55,thin,False,ok,
rhagio-tringarius,bee,70.0,1.00,55,thin,False,ok,
rhagoletis-alternata,bee,88.1,1.00,55,thin,False,ok,
rhantus-suturalis,beetle,17.1,1.00,55,thin,False,ok,
rhaphigaster-nebulosa,bug,101.1,1.00,45,thin,False,ok,
rhaphium-spec,,,,,,,no_form,animalia/-/-
rhembobius-perscrutator,bee,25.4,1.00,55,thin,False,ok,
rhinanthus-angustifolius,,,,,,,no_form,plantae/magnoliopsida/lamiales
rhinophora-lepida,bee,142.5,1.00,55,thin,False,ok,
rhogogaster-spec,bee,75.0,1.00,55,thin,False,ok,
rhogogaster-viridis-s-l,bee,101.1,1.00,55,thin,False,ok,
rhopalus-subrufus,bug,73.4,1.00,45,thin,False,ok,
ribes-nigrum,,,,,,,no_form,plantae/magnoliopsida/saxifragales
rilaena-triangularis,spider,84.7,1.00,35,thin,False,ok,
riparia-riparia,bird,85.2,1.00,55,thin,False,ok,
rissoa-membranacea,mollusc,64.8,0.90,55,thin,False,ok,
robinia-pseudoacacia,,,,,,,no_form,plantae/magnoliopsida/fabales
rodentia,rodent,77.3,1.00,40,thin,False,ok,
rorippa-palustris,,,,,,,no_form,plantae/magnoliopsida/brassicales
rorippa-sylvestris,,,,,,,no_form,plantae/magnoliopsida/brassicales
rosa-arvensis,,,,,,,no_form,plantae/magnoliopsida/rosales
rosa-rugosa,,,,,,,no_form,plantae/magnoliopsida/rosales
rosa-spec,,,,,,,no_form,plantae/magnoliopsida/rosales
rosmarinus-officinalis,,,,,,,no_form,plantae/magnoliopsida/lamiales
rubus-caesius,,,,,,,no_form,plantae/magnoliopsida/rosales
rubus-idaeus,,,,,,,no_form,plantae/magnoliopsida/rosales
rubus-odoratus,,,,,,,no_form,plantae/magnoliopsida/rosales
rubus-sect-corylifolii-rubus-sect-rubus,,,,,,,no_form,-/-/-
rubus-spec,,,,,,,no_form,plantae/magnoliopsida/rosales
rumex-acetosa,,,,,,,no_form,plantae/magnoliopsida/caryophyllales
rumex-acetosella,,,,,,,no_form,plantae/magnoliopsida/caryophyllales
rumex-conglomeratus,,,,,,,no_form,plantae/magnoliopsida/caryophyllales
rumex-crispus,,,,,,,no_form,plantae/magnoliopsida/caryophyllales
rumex-hydrolapathum,,,,,,,no_form,plantae/magnoliopsida/caryophyllales
rumex-palustris,,,,,,,no_form,plantae/magnoliopsida/caryophyllales
rumex-sanguineus,,,,,,,no_form,plantae/magnoliopsida/caryophyllales
rumex-spec,,,,,,,no_form,plantae/magnoliopsida/caryophyllales
sagina-procumbens,,,,,,,no_form,plantae/magnoliopsida/caryophyllales
salix-cinerea,,,,,,,no_form,plantae/magnoliopsida/malpighiales
salix-spec,,,,,,,no_form,-/-/-
salvia-argentea,,,,,,,no_form,plantae/magnoliopsida/lamiales
salvia-pratensis,,,,,,,no_form,plantae/magnoliopsida/lamiales
salvia-viridis,,,,,,,no_form,plantae/magnoliopsida/lamiales
sambucus-nigra-laciniata,,,,,,,no_form,plantae/magnoliopsida/dipsacales
sanguisorba-officinalis,,,,,,,no_form,plantae/magnoliopsida/rosales
santolina-chamaecyparissus,,,,,,,no_form,plantae/magnoliopsida/asterales
sapygina-decemguttata,bee,34.2,1.00,55,thin,False,ok,
sarcophaga-spec,bee,76.7,1.00,55,thin,False,ok,
sarcophagidae-indet,bee,11.3,1.00,55,thin,False,ok,
sawadaea-bicornis,fungus,89.6,1.00,35,thin,False,ok,
scabiosa-columbaria,,,,,,,no_form,plantae/magnoliopsida/dipsacales
scaeva-pyrastri,bee,81.2,1.00,55,thin,False,ok,
scaeva-selenitica,bee,83.8,1.00,55,thin,False,ok,
schedonorus-giganteus,,,,,,,no_form,plantae/liliopsida/poales
schoenobius-gigantella,moth,35.5,1.00,55,thin,False,ok,
sciapus-platypterus,bee,88.5,1.00,55,thin,False,ok,
sciapus-spec,bee,107.4,1.00,55,thin,False,ok,
sciaridae-indet,bee,30.0,1.00,55,thin,False,ok,
sciota-rhenella,moth,0.0,1.00,55,thin,False,ok,
scoliopteryx-libatrix,moth,34.3,1.00,55,thin,False,ok,
scolopostethus-decoratus,bug,187.0,1.00,45,thin,False,ok,
scoparia-ambigualis,moth,30.0,1.00,55,thin,False,ok,
scoparia-basistrigalis,moth,34.3,1.00,55,thin,False,ok,
scoparia-basistrigalis-ambigualis,moth,217.5,1.00,55,thin,False,ok,
scoparia-eudonia-spec,moth,28.4,1.00,55,thin,False,ok,
scorzoneroides-autumnalis,,,,,,,no_form,plantae/magnoliopsida/asterales
scraptiidae-indet,beetle,72.8,1.00,55,thin,False,ok,
scrophularia-auriculata,,,,,,,no_form,plantae/magnoliopsida/lamiales
scrophularia-nodosa,,,,,,,no_form,plantae/magnoliopsida/lamiales
scrophularia-umbrosa,,,,,,,no_form,plantae/magnoliopsida/lamiales
scutellaria-columnae,,,,,,,no_form,plantae/magnoliopsida/lamiales
scutigera-coleoptrata,,,,,,,no_form,animalia/chilopoda/scutigeromorpha
scymninae-indet,,,,,,,no_form,-/-/-
scymnus-interruptus,beetle,70.6,1.00,55,thin,False,ok,
scymnus-schmidti-gr,,,,,,,no_form,animalia/-/-
scythris-limbella,moth,30.5,1.00,55,thin,False,ok,
scythropia-crataegella,moth,60.0,1.00,55,thin,False,ok,
scytodes-thoracica,spider,30.8,1.00,35,thin,False,ok,
sedum-pallidum,,,,,,,no_form,plantae/magnoliopsida/saxifragales
sedum-rupestre,,,,,,,no_form,plantae/magnoliopsida/saxifragales
sedum-sexangulare,,,,,,,no_form,plantae/magnoliopsida/saxifragales
segestria-bavarica,spider,26.2,1.00,35,thin,False,ok,
segestria-florentina,spider,17.1,1.00,35,thin,False,ok,
seioptera-vibrans,bee,97.4,1.00,55,thin,False,ok,
sempervivum-tectorum,,,,,,,no_form,plantae/magnoliopsida/saxifragales
senecio-sarracenicus,,,,,,,no_form,plantae/magnoliopsida/asterales
sepsis-spec,bee,84.6,1.00,55,thin,False,ok,
setaria-viridis,,,,,,,no_form,plantae/liliopsida/poales
sideridis-turbida,moth,51.0,1.00,55,thin,False,ok,
silene,,,,,,,no_form,-/-/-
silene-chalcedonica,,,,,,,no_form,plantae/magnoliopsida/caryophyllales
silene-vulgaris,,,,,,,no_form,plantae/magnoliopsida/caryophyllales
silis-ruficollis,beetle,99.3,1.00,55,thin,False,ok,
sinapis-arvensis,,,,,,,no_form,plantae/magnoliopsida/brassicales
siproeta-epaphus,moth,100.9,1.00,55,thin,False,ok,
sisymbrium-officinale,,,,,,,no_form,plantae/magnoliopsida/brassicales
sisymbrium-orientale,,,,,,,no_form,plantae/magnoliopsida/brassicales
sisyra-nigra,bug,68.4,1.00,40,thin,False,ok,
smerinthus-ocellatus,moth,85.5,1.00,55,thin,False,ok,
smyrnium-perfoliatum,,,,,,,no_form,plantae/magnoliopsida/apiales
solanum-nigrum,,,,,,,no_form,plantae/magnoliopsida/solanales
solidago-gigantea,,,,,,,no_form,plantae/magnoliopsida/asterales
sonchus-arvensis,,,,,,,no_form,plantae/magnoliopsida/asterales
sonchus-asper,,,,,,,no_form,plantae/magnoliopsida/asterales
sonchus-palustris,,,,,,,no_form,plantae/magnoliopsida/asterales
sorbaria-sorbifolia,,,,,,,no_form,plantae/magnoliopsida/rosales
sorbus-aria,,,,,,,no_form,plantae/magnoliopsida/rosales
sorbus-aucuparia,,,,,,,no_form,plantae/magnoliopsida/rosales
sorbus-intermedia,,,,,,,no_form,plantae/magnoliopsida/rosales
spergularia-rubra,,,,,,,no_form,plantae/magnoliopsida/caryophyllales
sphaeroderma-spec,,,,,,,no_form,-/-/-
sphaeroderma-testaceum,beetle,214.5,1.00,55,thin,False,ok,
sphaeromias-spec,bee,27.7,1.00,55,thin,False,ok,
sphaerophoria-spec,bee,80.4,1.00,55,thin,False,ok,
sphecodes-albilabris,bee,34.9,1.00,55,thin,False,ok,
sphecodes-spec,bee,62.7,1.00,55,thin,False,ok,
sphinx-ligustri,moth,64.9,1.00,55,thin,False,ok,
spilosoma-lubricipeda,moth,42.9,1.00,55,thin,False,ok,
spilosoma-lutea,moth,167.3,1.00,55,thin,False,ok,
spilosoma-urticae,moth,228.0,1.00,55,thin,False,ok,
splanchnonema-platani,fungus,89.1,1.00,35,thin,False,ok,
squalius-cephalus,fish,54.0,1.20,45,thin,False,ok,
stachys-palustris,,,,,,,no_form,plantae/magnoliopsida/lamiales
stachys-sylvatica,,,,,,,no_form,plantae/magnoliopsida/lamiales
stagonomus-venustissimus,bug,97.8,1.00,45,thin,False,ok,
staphylea-pinnata,,,,,,,no_form,plantae/magnoliopsida/crossosomatales
staphylinidae-indet,beetle,82.6,1.00,55,thin,False,ok,
steatoda-grossa,spider,15.8,1.00,35,thin,False,ok,
steatoda-nobilis,spider,25.7,1.00,35,thin,False,ok,
stegania-trimaculata,moth,15.3,1.00,55,thin,False,ok,
stelis-punctulatissima,bee,27.3,1.00,55,thin,False,ok,
stellaria-media,,,,,,,no_form,plantae/magnoliopsida/caryophyllales
stenagostus-rhombeus,beetle,37.2,1.00,55,thin,False,ok,
stenarella-domator,bee,37.5,1.00,55,thin,False,ok,
stenodema-laevigata,bug,91.7,1.00,45,thin,False,ok,
stenolophus-mixtus,beetle,29.5,1.00,55,thin,False,ok,
stenopelmus-rufinasus,beetle,27.3,1.00,55,thin,False,ok,
stenotus-binotatus,bug,97.6,1.00,45,thin,False,ok,
stevenia-deceptoria,bee,31.6,1.00,55,thin,False,ok,
stictoleptura-rubra,beetle,62.3,1.00,55,thin,False,ok,
stomaphis-yanonis,,,,,,,no_taxonomy,
stomaphis-yanonis-aphididae,bug,36.0,1.00,45,thin,False,ok,
streptopelia-decaocto,,,,,,,no_taxonomy,
stricticollis-tobias,beetle,31.4,1.00,55,thin,False,ok,
stropharia-rugosoannulata,mushroom,111.4,1.00,35,thin,False,ok,
subacronicta-megacephala,moth,10.9,1.00,55,thin,False,ok,
succinea-putris,mollusc,161.2,0.90,55,thin,False,ok,
succisa-pratensis,,,,,,,no_form,plantae/magnoliopsida/dipsacales
suillia-spec,bee,106.7,1.00,55,thin,False,ok,
swammerdamia-paraswammerdamia-spec,moth,33.3,1.00,55,thin,False,ok,
swammerdamia-pyrella,moth,21.7,1.00,55,thin,False,ok,
sylvia,,,,,,,no_taxonomy,
sylvia-borin,bird,33.5,1.00,55,thin,False,ok,
sylvicola-spec,,,,,,,no_form,animalia/-/-
symmorphus-bifasciatus,bee,37.1,1.00,55,thin,False,ok,
symmorphus-crassicornis,bee,26.7,1.00,55,thin,False,ok,
symmorphus-spec,bee,33.1,1.00,55,thin,False,ok,
sympetrum-meridionale,dragonfly,21.9,1.00,55,thin,False,ok,
sympetrum-sanguineum,dragonfly,32.7,1.00,55,thin,False,ok,
sympetrum-striolatum,dragonfly,75.3,1.00,55,thin,False,ok,
symphyta-indet,moth,82.4,1.00,55,thin,False,ok,
symplecta-stictica,bee,29.1,1.00,55,thin,False,ok,
synageles-spec,spider,28.8,1.00,35,thin,False,ok,
synanthedon-formicaeformis,moth,93.4,1.00,55,thin,False,ok,
synanthedon-tipuliformis,moth,94.9,1.00,55,thin,False,ok,
syritta-pipiens,bee,32.1,1.00,55,thin,False,ok,
syrphus-ribesii,bee,92.3,1.00,55,thin,False,ok,
syrphus-spec,bee,38.2,1.00,55,thin,False,ok,
tabanus-autumnalis,bee,63.3,1.00,55,thin,False,ok,
tachycixius-pilosus,bug,219.5,1.00,45,thin,False,ok,
tachysphex-pompiliformis,bee,67.3,1.00,55,thin,False,ok,
tagetes-erecta,,,,,,,no_form,plantae/magnoliopsida/asterales
tagetes-spec,,,,,,,no_form,plantae/magnoliopsida/asterales
talpa-europaea,mammal,22.9,1.00,30,thin,False,ok,
tamarix-spec,,,,,,,no_form,plantae/magnoliopsida/caryophyllales
taraxacum-officinale-s-l-incl-all-sect,,,,,,,no_form,plantae/magnoliopsida/asterales
taraxacum-spec,,,,,,,no_form,plantae/magnoliopsida/asterales
taxodium-distichum,,,,,,,no_form,plantae/pinopsida/pinales
taxomyia-taxi,bee,83.5,1.00,55,thin,False,ok,
tegenaria-parietina,spider,42.4,1.00,35,thin,False,ok,
tegenaria-spec,spider,37.9,1.00,35,thin,False,ok,
teleiodes-vulgella,moth,73.3,1.00,55,thin,False,ok,
tenthredo-scrophulariae,bee,81.2,1.00,55,thin,False,ok,
tenthredo-spec,bee,49.7,1.00,55,thin,False,ok,
tephritis-bardanae,bee,103.3,1.00,55,thin,False,ok,
tephritis-neesii,bee,78.3,1.00,55,thin,False,ok,
terellia-tussilaginis,bee,9.4,1.00,55,thin,False,ok,
tethea-or,,,,,,,no_form,animalia/-/-
tetragnatha-spec,spider,85.9,1.00,35,thin,False,ok,
tetramorium-caespitum,bee,18.1,1.00,55,thin,False,ok,
tetraneura-ulmi,bug,72.9,1.00,45,thin,False,ok,
tetrix-spec,grasshopper,209.6,1.00,50,thin,False,ok,
textrix-denticulata,spider,24.0,1.00,35,thin,False,ok,
thaumatomyia-spec,bee,65.7,1.00,55,thin,False,ok,
theba-pisana,mollusc,73.4,0.90,55,thin,False,ok,
thelaira-nigripes,bee,71.8,1.00,55,thin,False,ok,
thera-britannica-variata,moth,38.9,1.00,55,thin,False,ok,
thera-obeliscata,moth,42.0,1.00,55,thin,False,ok,
thereva-cinifera,bee,127.3,1.00,55,thin,False,ok,
thereva-nobilitata,bee,62.9,1.00,55,thin,False,ok,
thinornis-dubius,wading-bird,39.2,1.00,30,thin,False,ok,
thlaspi-arvense,,,,,,,no_form,plantae/magnoliopsida/brassicales
thumatha-senex,moth,74.8,1.00,55,thin,False,ok,
thymus-pulegioides,,,,,,,no_form,plantae/magnoliopsida/lamiales
thysanoptera-indet,bug,36.0,1.00,40,thin,False,ok,
tilia-spec,,,,,,,no_form,plantae/magnoliopsida/malvales
tilia-tomentosa,,,,,,,no_form,plantae/magnoliopsida/malvales
tillus-elongatus,beetle,15.0,1.00,55,thin,False,ok,
tinea-pellionella,moth,28.1,1.00,55,thin,False,ok,
tineola-bisselliella,moth,42.7,1.00,55,thin,False,ok,
tinodes-waeneri,bug,27.8,1.00,40,thin,False,ok,
tiphia-minuta,bee,60.0,1.00,55,thin,False,ok,
tipula-fascipennis,bee,62.5,1.00,55,thin,False,ok,
tipula-lunata,bee,46.6,1.00,55,thin,False,ok,
tipula-paludosa-oleracea,bee,90.6,1.00,55,thin,False,ok,
tipulidae-indet,bee,115.4,1.00,55,thin,False,ok,
tischeria-ekebladella,moth,27.8,1.00,55,thin,False,ok,
torilis-japonica,,,,,,,no_form,plantae/magnoliopsida/apiales
torilis-nodosa,,,,,,,no_form,plantae/magnoliopsida/apiales
tortrix-viridana,moth,97.1,1.00,55,thin,False,ok,
torymus-spec,bee,104.0,1.00,55,thin,False,ok,
trachea-atriplicis,moth,54.8,1.00,55,thin,False,ok,
tragopogon-dubius,,,,,,,no_form,plantae/magnoliopsida/asterales
tragopogon-pratensis,,,,,,,no_form,plantae/magnoliopsida/asterales
tragopogon-pratensis-subsp-orientalis,,,,,,,no_form,plantae/magnoliopsida/asterales
trametes-versicolor,fungus,110.5,1.00,35,thin,False,ok,
tremulicerus-tremulae,bug,23.9,1.00,45,thin,False,ok,
tremulicerus-vitreus,bug,78.0,1.00,45,thin,False,ok,
triaxomera-parasitella,moth,42.9,1.00,55,thin,False,ok,
trichius-gallicus-gallicus,beetle,306.5,1.00,55,thin,False,ok,
trichodes-apiarius,beetle,73.8,1.00,55,thin,False,ok,
trichoptera-indet,bug,27.9,1.00,40,thin,False,ok,
trifolium-campestre,,,,,,,no_form,plantae/magnoliopsida/fabales
trifolium-incarnatum,,,,,,,no_form,plantae/magnoliopsida/fabales
trifolium-resupinatum,,,,,,,no_form,plantae/magnoliopsida/fabales
trifolium-rubens,,,,,,,no_form,plantae/magnoliopsida/fabales
tringa-ochropus,wading-bird,207.6,1.00,30,thin,False,ok,
tripleurospermum-maritimum-matricaria-chamomilla,,,,,,,no_form,-/-/-
trisetum-flavescens,,,,,,,no_form,plantae/liliopsida/poales
triteleia-laxa,,,,,,,no_form,plantae/liliopsida/asparagales
triticum-aestivum,,,,,,,no_form,plantae/liliopsida/poales
tritomegas-bicolor,bug,69.5,1.00,45,thin,False,ok,
trochulus-hispidus,mollusc,80.6,0.90,55,thin,False,ok,
trogoderma-angustum,beetle,97.7,1.00,55,thin,False,ok,
trombidiidae-indet,spider,34.3,1.00,35,thin,False,ok,
tropaeolum-majus,,,,,,,no_form,plantae/magnoliopsida/brassicales
trupanea-stellata,bee,83.0,1.00,55,thin,False,ok,
trypoxylon-spec,bee,34.3,1.00,55,thin,False,ok,
turritella-socordia,mollusc,33.9,0.90,55,thin,False,ok,
tussilago-farfara,,,,,,,no_form,plantae/magnoliopsida/asterales
typha-angustifolia,,,,,,,no_form,plantae/liliopsida/poales
typha-latifolia,,,,,,,no_form,plantae/liliopsida/poales
typhlocybinae-indet,,,,,,,no_form,-/-/-
ulmus-spec,,,,,,,no_form,-/-/-
uloborus-plumipes,spider,34.3,1.00,35,thin,False,ok,
umbilicus-rupestris,,,,,,,no_form,plantae/magnoliopsida/saxifragales
unio-tumidus,,,,,,,no_form,animalia/bivalvia/unionida
urophora-cardui,bee,83.8,1.00,55,thin,False,ok,
verbascum-blattaria,,,,,,,no_form,plantae/magnoliopsida/lamiales
verbascum-spec,,,,,,,no_form,plantae/magnoliopsida/lamiales
verbascum-speciosum,,,,,,,no_form,plantae/magnoliopsida/lamiales
verbascum-thapsus,,,,,,,no_form,plantae/magnoliopsida/lamiales
verbena-bonariensis,,,,,,,no_form,plantae/magnoliopsida/lamiales
verbena-officinalis,,,,,,,no_form,plantae/magnoliopsida/lamiales
verbena-rigida,,,,,,,no_form,plantae/magnoliopsida/lamiales
veronica-arvensis,,,,,,,no_form,plantae/magnoliopsida/lamiales
veronica-austriaca,,,,,,,no_form,plantae/magnoliopsida/lamiales
veronica-beccabunga,,,,,,,no_form,plantae/magnoliopsida/lamiales
veronica-catenata,,,,,,,no_form,plantae/magnoliopsida/lamiales
veronica-filiformis,,,,,,,no_form,plantae/magnoliopsida/lamiales
veronica-longifolia,,,,,,,no_form,plantae/magnoliopsida/lamiales
veronica-persica,,,,,,,no_form,plantae/magnoliopsida/lamiales
veronicastrum-virginicum,,,,,,,no_form,plantae/magnoliopsida/lamiales
vespa-crabro,bee,41.7,1.00,55,thin,False,ok,
vespa-velutina,bee,24.8,1.00,55,thin,False,ok,
vespa-velutina-nigrithorax,bee,234.7,1.00,55,thin,False,ok,
vespertilionidae,,,,,,,no_taxonomy,
vespinae-indet,,,,,,,no_form,-/-/-
vespula-spec,bee,74.2,1.00,55,thin,False,ok,
vespula-vulgaris,bee,82.7,1.00,55,thin,False,ok,
viburnum-opulus,,,,,,,no_form,plantae/magnoliopsida/dipsacales
vicia-hirsuta,,,,,,,no_form,plantae/magnoliopsida/fabales
vicia-sativa,,,,,,,no_form,plantae/magnoliopsida/fabales
vicia-villosa,,,,,,,no_form,plantae/magnoliopsida/fabales
vitula-biviella,moth,29.1,1.00,55,thin,False,ok,
volucella-bombylans,bee,91.1,1.00,55,thin,False,ok,
volvariella-gloiocephala,mushroom,33.3,1.00,35,thin,False,ok,
vulpia-myuros,,,,,,,no_form,plantae/liliopsida/poales
xanthorhoe-ferrugata-spadicearia,moth,50.2,1.00,55,thin,False,ok,
xanthorhoe-fluctuata,moth,73.8,1.00,55,thin,False,ok,
xanthoria,fungus,44.1,0.85,35,thin,False,ok,
xanthoria-calcicola,fungus,35.1,0.85,35,thin,False,ok,
xanthostigma-xanthostigma,bug,95.7,1.00,40,thin,False,ok,
xerocomus-chrysenteron-sl-incl-bubalinus-cisalpinus-declivitatum-porosporus,mushroom,80.0,1.00,35,thin,False,ok,
xeroplexa-intersecta,mollusc,27.4,0.90,55,thin,False,ok,
xestia-c-nigrum,moth,31.6,1.00,55,thin,False,ok,
xestia-triangulum,moth,66.5,1.00,55,thin,False,ok,
xestia-xanthographa,moth,51.4,1.00,55,thin,False,ok,
xiphydria-camelus,bee,68.2,1.00,55,thin,False,ok,
xiphydria-prolongata,bee,35.6,1.00,55,thin,False,ok,
xorides-alpestris,bee,0.0,1.00,55,thin,False,ok,
xylaria-polymorpha,fungus,41.2,1.00,35,thin,False,ok,
xylota-segnis,bee,84.9,1.00,55,thin,False,ok,
xylota-sylvarum,bee,79.7,1.00,55,thin,False,ok,
xysticus-spec,spider,97.5,1.00,35,thin,False,ok,
xysticus-ulmi,spider,352.1,1.00,35,thin,False,ok,
yponomeuta-malinellus,moth,90.0,1.00,55,thin,False,ok,
yponomeuta-plumbella,moth,24.6,1.00,55,thin,False,ok,
yponomeuta-spec,moth,60.0,1.00,55,thin,False,ok,
ypsolopha-dentella,moth,25.0,1.00,55,thin,False,ok,
ypsolopha-scabrella,moth,85.9,1.00,55,thin,False,ok,
zimmermannia-longicaudella-atrifrontella,moth,33.3,1.00,55,thin,False,ok,
zonitoides-nitidus,mollusc,36.5,0.90,55,thin,False,ok,
zoropsis-spinimana,spider,24.0,1.00,35,thin,False,ok,
zygiella-x-notata,spider,37.5,1.00,35,thin,False,ok,
zygoptera-indet,,,,,,,no_form,protozoa/-/-
