slug,common_name,latin_name,category,habitat_classes,movement_classes,source,reason,rank,kingdom,phylum,class_name,order_name,family,genus,species,has_photo,tree_genera,tree_count,photo_suggestion
acanthis-cabaret,Lesser Redpoll,Acanthis cabaret,bird,tree-canopy,tree-flitter,default,small finch flitting through Alnus and Betula canopies,species,Animalia,Chordata,Aves,Passeriformes,Fringillidae,Acanthis,flammea,true,Alnus;Betula,2,
acanthosoma-haemorrhoidale,Hawthorn shieldbug,Acanthosoma haemorrhoidale,insect,tree-canopy,idle-only,override,sit-and-suck shieldbug on hawthorn leaves not a flower visitor,species,Animalia,Arthropoda,Insecta,Hemiptera,Acanthosomatidae,Acanthosoma,haemorrhoidale,true,Crataegus,1,
acari,Sooty-mould-grazing mites,Acari,arachnid,tree-canopy,idle-only,override,microscopic mites grazing sooty mould on tree leaves,unmatched,,,,,,,,true,Liriodendron;Ulmus;Zelkova,3,
aceria,Hornbeam gall mites,Aceria / Eriophyidae,arachnid,tree-canopy,idle-only,override,eriophyid gall mite sedentary inside Carpinus leaf galls,genus,Animalia,Arthropoda,Arachnida,Trombidiformes,Eriophyidae,Aceria,,true,Carpinus,1,
aceria-celtis,Hackberry gall mite,Aceria celtis / Eriophyes spp.,arachnid,tree-canopy,idle-only,override,eriophyid gall mite sedentary in Celtis leaf galls,species,Animalia,Arthropoda,Arachnida,Trombidiformes,Eriophyidae,Aceria,celata,true,Celtis,1,
aceria-pseudoplatini,Eriophyid gall mites,"Aceria pseudoplatini, A. eriobia / Eriophyidae",arachnid,tree-canopy,idle-only,override,eriophyid gall mite sedentary in Acer leaf galls,species,Animalia,Arthropoda,Arachnida,Trombidiformes,Eriophyidae,Aceria,pseudoplatani,true,Acer,1,
acronicta-aceris,Sycamore moth caterpillar,Acronicta aceris / Noctuidae,insect,tree-canopy,idle-only,override,visible stage is foliage-resting caterpillar on Acer,species,Animalia,Arthropoda,Insecta,Lepidoptera,Noctuidae,Acronicta,aceris,true,Acer,1,
acronicta-alni,Alder moths and tussocks,"Acronicta alni, Eriogaster lanestris / Noctuidae, Lasiocampidae",insect,tree-canopy,idle-only,override,visible stage is foliage-feeding caterpillar on Alnus,species,Animalia,Arthropoda,Insecta,Lepidoptera,Noctuidae,Acronicta,alni,true,Alnus,1,
aculus-mosoniensis,Ailanthus eriophyid mite,Aculus mosoniensis / Eriophyidae,arachnid,tree-canopy,idle-only,override,eriophyid mite on Ailanthus foliage,species,Animalia,Arthropoda,Arachnida,Trombidiformes,Eriophyidae,Aculus,mosoniensis,true,Ailanthus,1,
adelges-abietis,Spruce gall adelgids,"Adelges abietis, A. viridis",insect,tree-canopy,idle-only,override,sap-feeding adelgid in spruce shoot galls,species,Animalia,Arthropoda,Insecta,Hemiptera,Adelgidae,Adelges,abietis,true,Picea,1,
adelges-laricis,Larch woolly adelgid,"Adelges laricis, Adelgidae",insect,tree-canopy,idle-only,override,sessile woolly adelgid on Larix needles,genus,Animalia,Arthropoda,Insecta,Hemiptera,Adelgidae,Adelges,,true,Larix,1,
agelastica-alni,Alder leaf beetle,Agelastica alni / Chrysomelidae,insect,tree-canopy,idle-only,override,leaf-feeding chrysomelid on Alnus foliage,species,Animalia,Arthropoda,Insecta,Coleoptera,Chrysomelidae,Agelastica,alni,true,Alnus,1,
agrilus-difficilis,Honey locust borer,"Agrilus difficilis, Buprestidae",insect,tree-bark,idle-only,override,buprestid borer with bark-resting adults and under-bark larvae on Gleditsia,species,Animalia,Arthropoda,Insecta,Coleoptera,Buprestidae,Agrilus,difficilis,true,Gleditsia,1,
aleurocanthus-spiniferus,Spiny whitefly,Aleurocanthus spiniferus / Aleyrodidae,insect,tree-canopy,idle-only,override,sessile whitefly nymphs and weak-flying adults on Ailanthus,species,Animalia,Arthropoda,Insecta,Hemiptera,Aleyrodidae,Aleurocanthus,spiniferus,true,Ailanthus,1,
andrena,Solitary mining bees,Andrena spp. / Andrenidae,insect,flower-visitor,flower-bobber,default,solitary mining bees foraging on spring-flowering trees,genus,Animalia,Arthropoda,Insecta,Hymenoptera,Andrenidae,Andrena,,true,Amelanchier;Koelreuteria;Laburnum;Paulownia;Salix;Sorbus,6,
anthonomus-pomorum,Apple blossom weevil,Anthonomus pomorum / Curculionidae,insect,tree-canopy,idle-only,override,weevil anchored to apple flower buds rather than nectar visitor,species,Animalia,Arthropoda,Insecta,Coleoptera,Curculionidae,Anthonomus,pomorum,true,Malus,1,
anthophora,Solitary bees,"Anthophora, Osmia spp.",insect,flower-visitor,flower-bobber,default,solitary bees working Laburnum blooms,kingdom,Animalia,,,,,,,true,Laburnum,1,
apatura-iris,Purple Emperor & White Admiral,Apatura iris / Limenitis camilla,insect,tree-canopy,flower-bobber,override,large butterflies anchored to Salix canopy not nectar plants,species,Animalia,Arthropoda,Insecta,Lepidoptera,Nymphalidae,Apatura,iris,true,Salix,1,
aphidoidea,Generalist sap-feeders,"assorted Aphidoidea, Coccidae",insect,tree-canopy,idle-only,override,generalist sap-feeders on a wide tree-host range,family,Animalia,Arthropoda,Insecta,Hemiptera,Coccidae,,,true,Ailanthus;Amelanchier;Castanea;Catalpa;Celtis;Cercidiphyllum;Cercis;Koelreuteria;Laburnum;Liquidambar;Nyssa;Ostrya;Parrotia;Populus;Pterocarya,15,
aphidoidea-esp-corylobium-avellanae-myzocallis-coryli,Aphids,"Aphidoidea, esp. Corylobium avellanae, Myzocallis coryli",insect,tree-canopy,idle-only,override,hazel-feeding aphid colonies,species,Animalia,Arthropoda,Insecta,Hemiptera,Aphididae,Myzocallis,coryli,true,Corylus,1,
aphidoidea-esp-dysaphis-crataegi-ovatus-crataegarius,Aphids,"Aphidoidea, esp. Dysaphis crataegi, Ovatus crataegarius",insect,tree-canopy,idle-only,override,hawthorn-feeding aphid colonies,species,Animalia,Arthropoda,Insecta,Hemiptera,Aphididae,Ovatomyzus,crataegarius,true,Crataegus,1,
aphidoidea-generalist-greenfly,Aphids,"Aphidoidea, generalist greenfly",insect,tree-canopy,idle-only,override,generalist aphids on Metasequoia shoots,unmatched,,,,,,,,true,Metasequoia,1,
aphidoidea-incl-anoecia-corni,Aphids,"Aphidoidea, incl. Anoecia corni",insect,tree-canopy,idle-only,override,Cornus-feeding aphids,unranked,Animalia,Arthropoda,Insecta,Hymenoptera,Eumenidae,Rhynchalastor,inca,true,Cornus,1,
aphidoidea-including-aphis-gossypii,Aphids,"Aphidoidea, including Aphis gossypii",insect,tree-canopy,idle-only,override,polyphagous aphids on Morus,unmatched,,,,,,,,true,Morus,1,
aphidoidea-occasional,Generalist aphids,"Aphidoidea, occasional",insect,tree-canopy,idle-only,override,occasional aphid vagrants on Ginkgo,unmatched,,,,,,,,true,Ginkgo,1,
aphis,Generalist aphids,Aphis spp.,insect,tree-canopy,idle-only,override,generalist Aphis on Paulownia and Styphnolobium foliage,genus,Animalia,Arthropoda,Insecta,Hemiptera,Aphididae,Aphis,,true,Paulownia;Styphnolobium,2,
aphrophora-alni,Alder spittlebugs & psyllids,"Aphrophora alni, Psylla alni",insect,tree-canopy,idle-only,override,spittlebug nymphs in foam on Alnus shoots,species,Animalia,Arthropoda,Insecta,Hemiptera,Aphrophoridae,Aphrophora,alni,true,Alnus,1,
apidae,Honeybees & early bumblebees,Apidae,insect,flower-visitor,flower-bobber,default,honeybees and bumblebees on Corylus and Morus blooms,family,Animalia,Arthropoda,Insecta,Hymenoptera,Apidae,,,true,Corylus;Morus,2,
apidae-andrenidae,Honey bees & solitary bees,"Apidae, Andrenidae",insect,flower-visitor,flower-bobber,default,pollinator assemblage on Ostrya inflorescences,family,Animalia,Arthropoda,Insecta,Hymenoptera,Apidae,,,true,Ostrya,1,
apiognomonia-veneta,Anthracnose fungus,"Apiognomonia veneta, asexual Discula platani",fungus,tree-bark,none,default,Bark-colonising anthracnose pathogen whose acervuli erupt directly from infected Platanus bark tissue.,species,Fungi,Ascomycota,Sordariomycetes,Diaporthales,Gnomoniaceae,Apiognomonia,veneta,true,Platanus,1,
apis,Honey bees & bumblebees,Apis / Bombus,insect,flower-visitor,flower-bobber,default,Generalist pollinator bees most visible and ecologically meaningful on flowering trees.,genus,Animalia,Arthropoda,Insecta,Hymenoptera,Apidae,Apis,,true,Acer;Gleditsia;Ilex,3,
apis-bombus,Honeybees & bumblebees,"Apis, Bombus",insect,flower-visitor,flower-bobber,default,Generalist pollinator bees visiting Pterocarya catkins and placed at flowering tree sprites.,genus,Animalia,,,,,Apis,,true,Pterocarya,1,
apis-mellifera,Honey bees,Apis mellifera,insect,flower-visitor,flower-bobber,default,Honey bee is the canonical flower-visitor pollinator across 20 Amsterdam tree genera.,species,Animalia,Arthropoda,Insecta,Hymenoptera,Apidae,Apis,mellifera,true,Aesculus;Ailanthus;Alnus;Amelanchier;Castanea;Catalpa;Cercidiphyllum;Cercis;Koelreuteria;Laburnum;Liriodendron;Magnolia;Nyssa;Parrotia;Paulownia;Pyrus;Robinia;Salix;Styphnolobium;Tilia,20,
apis-mellifera-andrena-spp,Honey bees & solitary bees,"Apis mellifera, Andrena spp. / Apidae+Andrenidae",insect,flower-visitor,flower-bobber,default,Honey bees and Andrena solitary bees are both primarily flower-visitors on Malus blossom.,compound,,,,,,,,true,Malus,1,
apodemus-myodes-sciurus,Wood mouse / Bank vole / Grey & Red Squirrel,"Apodemus, Myodes, Sciurus",mammal,ground-park;tree-canopy,park-roamer;tree-flitter,override,Mixed ground-rodents and arboreal squirrel on Fagus requires dual habitat tags.,kingdom,Animalia,,,,,,,true,Fagus,1,
apodemus-sylvaticus,Wood mouse / yellow-necked mouse,Apodemus sylvaticus / A. flavicollis,mammal,ground-park,park-roamer,default,Nocturnal ground-foraging wood mouse feeding on fallen Prunus fruit; not meaningfully arboreal.,species,Animalia,Chordata,Mammalia,Rodentia,Muridae,Apodemus,sylvaticus,true,Prunus,1,
apodemus-sylvaticus-myodes-glareolus,Wood mouse / Bank vole,Apodemus sylvaticus / Myodes glareolus,mammal,ground-park,park-roamer,default,Wood mouse and bank vole are both nocturnal ground mammals foraging beneath fruiting shrubs.,species,Animalia,Chordata,Mammalia,Rodentia,Muridae,Apodemus,sylvaticus,true,Cornus;Crataegus;Ostrya,3,
apodemus-sylvaticus-myodes-glareolus-sciurus-vulgaris,Wood Mouse / Bank Vole / Red Squirrel,Apodemus sylvaticus / Myodes glareolus / Sciurus vulgaris,mammal,ground-park;tree-canopy,park-roamer;tree-flitter,override,Ground-rodents dominate but red squirrel component adds genuine arboreal movement on Corylus.,species,Animalia,Chordata,Mammalia,Rodentia,Muridae,Apodemus,sylvaticus,true,Corylus,1,
apoidea,Honeybees & solitary bees,Apoidea,insect,flower-visitor,flower-bobber,default,Bee superfamily placed at Cornus blossom as canonical flower-visitors.,unmatched,,,,,,,,true,Cornus,1,
appendiseta-robiniae,Locust aphid,Appendiseta robiniae,insect,tree-canopy,idle-only,override,Tree-feeding aphid forming immobile colonies on Robinia foliage and shoots.,species,Animalia,Arthropoda,Insecta,Hemiptera,Aphididae,Appendiseta,robiniae,true,Robinia,1,
arachnida,Spiders & harvestmen,Arachnida,arachnid,anywhere,idle-only,default,Arachnida class is too diverse for a specific placement; anywhere default applies.,class,Animalia,Arthropoda,Arachnida,,,,,true,Ginkgo,1,
arachnida-isopoda,"Spiders, harvestmen, woodlice",Arachnida / Isopoda,arachnid,tree-bark,idle-only,override,Bark-dwelling community of spiders harvestmen and woodlice sheltering in Cupressocyparis bark crevices.,class,Animalia,Arthropoda,Arachnida,,,,,true,Cupressocyparis,1,
araneae,Overwintering invertebrates in marcescent leaves,"mixed Araneae, Hemiptera, Coleoptera",arachnid,tree-canopy,idle-only,override,Dormant overwintering invertebrates sheltering in marcescent hanging leaves of Carpinus and allies.,order,Animalia,Arthropoda,Insecta,Hemiptera,,,,true,Carpinus;Cercidiphyllum;Chamaecyparis,3,
araneidae,Generalist canopy spiders,"Araneidae, Theridiidae",arachnid,tree-canopy,idle-only,override,Orb-weaver and cobweb spiders building webs anchored to Ailanthus canopy branches.,family,Animalia,Arthropoda,Arachnida,Araneae,Araneidae,,,true,Ailanthus,1,
argynnis,High brown / silver-washed fritillary butterflies,Argynnis spp.,insect,flower-visitor;ground-park,flower-bobber;park-roamer,override,Large woodland-edge fritillaries foraging on flowers but also gliding and resting at ground level.,genus,Animalia,Arthropoda,Insecta,Lepidoptera,Nymphalidae,Argynnis,,true,Fraxinus,1,
argyresthia,Cypress tip moth,Argyresthia spp.,insect,tree-canopy,idle-only,override,Tree-feeding tip moth whose larvae mine shoot tips of Cupressocyparis and Thuja.,genus,Animalia,Arthropoda,Insecta,Lepidoptera,Argyresthiidae,Argyresthia,,true,Cupressocyparis;Thuja,2,
argyresthia-conjugella,Apple fruit moth,Argyresthia conjugella,insect,tree-canopy,idle-only,override,Tree-feeding fruit moth whose larvae develop inside Sorbus fruits hanging in the canopy.,species,Animalia,Arthropoda,Insecta,Lepidoptera,Argyresthiidae,Argyresthia,conjugella,true,Sorbus,1,
asterocampa-celtis,Hackberry Emperor butterfly,Asterocampa celtis,insect,tree-canopy,flower-bobber,override,Hackberry Emperor adults perch and glide in Celtis canopy rather than visiting flowers.,species,Animalia,Arthropoda,Insecta,Lepidoptera,Nymphalidae,Asterocampa,celtis,true,Celtis,1,
atteva-aurea,Ailanthus webworm moth,Atteva aurea / Attevidae,insect,tree-canopy,idle-only,override,Communal larval silk webs fed on Ailanthus foliage; larvae are sedentary within the web.,species,Animalia,Arthropoda,Insecta,Lepidoptera,Attevidae,Atteva,punctella,true,Ailanthus,1,
barbastella-barbastellus,Barbastelle & Pipistrelle bats,Barbastella barbastellus / Pipistrellus spp.,mammal,sky-only,sky-looper,override,Aerial bat species roost in Salix cavities but are mapped in flight over canals and parks.,species,Animalia,Chordata,Mammalia,Chiroptera,Vespertilionidae,Barbastella,barbastellus,true,Salix,1,
blepharidopterus-chlorionis,Honey locust plant bug,"Blepharidopterus chlorionis, Miridae",insect,tree-canopy,idle-only,override,Tree-feeding plant bug on Gleditsia leaflets; not a flower-visitor.,species,Animalia,Arthropoda,Insecta,Hemiptera,Miridae,Blepharidopterus,chlorionis,true,Gleditsia,1,
bombus,Bumblebees,"Bombus spp., both short- and long-tongued",insect,flower-visitor,flower-bobber;sky-looper,override,Bumblebees primarily flower-visit but also make long inter-patch transit flights justifying sky-looper secondary.,compound,,,,,,,,true,Catalpa;Cercidiphyllum;Cercis;Liriodendron;Robinia,5,
bombus-terrestris,Bumblebees,Bombus terrestris / B. hortorum / Apidae,insect,flower-visitor,flower-bobber;sky-looper,override,B. terrestris and B. hortorum are prominent flower-visitors with inter-patch transit flights.,species,Animalia,Arthropoda,Insecta,Hymenoptera,Apidae,Bombus,terrestris,true,Aesculus;Amelanchier;Koelreuteria;Laburnum;Paulownia;Styphnolobium,6,
bombycilla,Cedar/Bohemian waxwings,Bombycilla spp.,bird,tree-canopy,tree-flitter,default,Waxwings are canopy fruit-feeding birds that move between fruiting trees in tight flocks.,genus,Animalia,Chordata,Aves,Passeriformes,Bombycillidae,Bombycilla,,true,Morus,1,
bombycilla-garrulus,Fruit-eating songbirds,"cedar waxwing equiv. — in Europe Bohemian Waxwing Bombycilla garrulus, Blackbird Turdus merula, Mistle Thrush",bird,tree-canopy;ground-park,tree-flitter;park-roamer,override,Group includes blackbird which genuinely alternates canopy fruit-feeding with ground worm-foraging.,unmatched,,,,,,,,true,Celtis;Sorbus,2,
bombyx-mori,Silkworm,Bombyx mori / Bombycidae,insect,tree-canopy,idle-only,override,Domesticated silkworm larvae feed immobile on Morus leaves; cannot survive independently.,species,Animalia,Arthropoda,Insecta,Lepidoptera,Bombycidae,Bombyx,mori,true,Morus,1,
bradyrhizobium,Rhizobial root bacteria,Bradyrhizobium / Rhizobium nodules,other,ground-park,none,override,Soil root-nodule bacteria fixed underground beneath Cercis; no movement possible.,genus,Bacteria,Proteobacteria,Alphaproteobacteria,Rhizobiales,Xanthobacteraceae,Bradyrhizobium,,true,Cercis,1,
bruchidius-siliquastri,Judas tree seed beetle,Bruchidius siliquastri,insect,tree-canopy,idle-only,override,Seed beetle larvae develop immobile inside Cercis seed pods hanging in the canopy.,species,Animalia,Arthropoda,Insecta,Coleoptera,Chrysomelidae,Bruchidius,siliquastri,true,Cercis,1,
buprestidae,Wood-boring beetles,"Buprestidae, Cerambycidae larvae",insect,tree-bark,idle-only,override,tree-feeding microorganism on Celtis — larvae bore inside bark and sapwood,family,Animalia,Arthropoda,Insecta,Coleoptera,Buprestidae,,,true,Celtis,1,
cacopsylla-pyri,Pear psylla,Cacopsylla pyri / C. pyricola,insect,tree-canopy,idle-only,override,tree-feeding microorganism on Pyrus — sessile nymphs on leaf tissue,species,Animalia,Arthropoda,Insecta,Hemiptera,Psyllidae,Cacopsylla,pyri,true,Pyrus,1,
callipterinella,Other birch aphids,"Callipterinella, Symydobius / Aphidoidea",insect,tree-canopy,idle-only,override,tree-feeding microorganism on Betula — sedentary aphid colonies on leaves and catkins,genus,Animalia,Arthropoda,Insecta,Hemiptera,Aphididae,Callipterinella,,true,Betula,1,
cameraria-ohridella,Horse-chestnut leaf miner,Cameraria ohridella / Gracillariidae,insect,tree-canopy,idle-only,override,tree-feeding microorganism on Aesculus — larvae fully sedentary inside leaf mines,species,Animalia,Arthropoda,Insecta,Lepidoptera,Gracillariidae,Cameraria,ohridella,true,Aesculus,1,
capreolus-capreolus,Roe deer browsing,Capreolus capreolus,mammal,ground-park,park-roamer,default,mammal default fits — browses in park vegetation and green corridors,species,Animalia,Chordata,Mammalia,Artiodactyla,Cervidae,Capreolus,capreolus,true,Pterocarya,1,
carduelis,Opportunistic city birds,"Carduelis, Passer",bird,anywhere,urban-walker;tree-flitter,override,mixed finch-and-sparrow slot on Ailanthus requires anywhere placement and split movement,genus,Animalia,Chordata,Aves,Passeriformes,Fringillidae,Carduelis,,true,Ailanthus,1,
carduelis-carduelis,European Goldfinch,Carduelis carduelis,bird,tree-canopy,tree-flitter,default,small finch canopy-feeder on alder and sweetgum — bird default fits,species,Animalia,Chordata,Aves,Passeriformes,Fringillidae,Carduelis,carduelis,true,Alnus;Liquidambar;Ulmus;Zelkova,4,
carduelis-carduelis-spinus-spinus,Goldfinch & siskin,"Carduelis carduelis, Spinus spinus / Fringillidae",bird,tree-canopy,tree-flitter,default,mixed finch flock on Ostrya catkins — small-songbird default fits,species,Animalia,Chordata,Aves,Passeriformes,Fringillidae,Carduelis,carduelis,true,Ostrya,1,
carulaspis,Juniper / cypress scales and mites,"Carulaspis spp., spider mites",insect,tree-bark,idle-only,override,tree-feeding microorganism on Chamaecyparis — scale insects and mites fixed to bark,genus,Animalia,Arthropoda,Insecta,Hemiptera,Diaspididae,Carulaspis,,true,Chamaecyparis,1,
carulaspis-juniper-scale,Scale insects,"Carulaspis spp., juniper scale",insect,tree-bark,idle-only,override,tree-feeding microorganism on Cupressocyparis — settled scale crawlers immobile on bark,genus,Animalia,Arthropoda,Insecta,Hemiptera,Diaspididae,Carulaspis,,true,Cupressocyparis,1,
carulaspis-juniperi,Juniper scale,"Carulaspis juniperi, Diaspididae",insect,tree-bark,idle-only,override,tree-feeding microorganism on Thuja — armoured scale permanently fixed under waxy cover,species,Animalia,Arthropoda,Insecta,Hemiptera,Diaspididae,Carulaspis,juniperi,true,Thuja,1,
cecidophyopsis-psilaspis,Yew big-bud mite,"Cecidophyopsis psilaspis, Eriophyidae",arachnid,tree-canopy,idle-only,override,gall-forming microorganism on Taxus — mites sedentary inside swollen buds,species,Animalia,Arthropoda,Arachnida,Trombidiformes,Eriophyidae,Cecidophyopsis,psilaspis,true,Taxus,1,
cedrobium-laportei,Cedar woolly aphid,Cedrobium laportei,insect,tree-canopy,idle-only,override,tree-feeding microorganism on Cedrus — sedentary woolly aphid colonies on shoots,species,Animalia,Arthropoda,Insecta,Hemiptera,Aphididae,Cinara,laportei,false,Cedrus,1,https://inaturalist-open-data.s3.amazonaws.com/photos/10584636/medium.jpg
celastrina-argiolus,Holly Blue butterfly,"Celastrina argiolus, Lycaenidae",insect,flower-visitor,flower-bobber,default,holly blue visits Ilex and ivy flowers — insect flower-visitor default fits,species,Animalia,Arthropoda,Insecta,Lepidoptera,Lycaenidae,Celastrina,argiolus,true,Ilex,1,
cerambycidae,Wood-boring beetles & longhorns,"Cerambycidae, in declining trees",insect,tree-bark,idle-only,override,tree-feeding microorganism on Aesculus — larvae bore in sapwood of declining trees,family,Animalia,Arthropoda,Insecta,Coleoptera,Cerambycidae,,,true,Aesculus,1,
ceratomia-catalpae,Catalpa sphinx,Ceratomia catalpae,insect,tree-canopy,idle-only,override,tree-feeding microorganism on Catalpa — caterpillars sedentary on leaves in canopy,species,Animalia,Arthropoda,Insecta,Lepidoptera,Sphingidae,Ceratomia,catalpae,true,Catalpa,1,
certhia-familiaris,Treecreeper,Certhia familiaris,bird,tree-bark,idle-only,override,bark-foraging bird spirals tree trunks — tree-bark habitat and slow creep overrides songbird default,species,Animalia,Chordata,Aves,Passeriformes,Certhiidae,Certhia,familiaris,true,Cedrus;Taxus,2,
certhia-sitta,Bark-foraging birds,"Treecreeper, Nuthatch — Certhia / Sitta",bird,tree-bark,idle-only,override,treecreeper and nuthatch both forage on Pterocarya bark — tree-bark overrides bird default,genus,Animalia,Chordata,Aves,Passeriformes,Sittidae,Sitta,,true,Pterocarya,1,
cerura,Puss moth & sallow kitten,"Cerura/Furcula, Notodontidae",insect,tree-canopy,idle-only,override,tree-feeding microorganism on Populus — larvae sedentary on poplar leaves in canopy,genus,Animalia,Arthropoda,Insecta,Lepidoptera,Notodontidae,Cerura,,true,Populus,1,
cetonia-aurata,Rose chafers,Cetonia aurata / Scarabaeidae,insect,flower-visitor,flower-bobber,override,flower-feeding scarab on Magnolia blooms — flower-visitor fits but override from default to flag beetle not typical pollinator,species,Animalia,Arthropoda,Insecta,Coleoptera,Scarabaeidae,Cetonia,aurata,true,Magnolia,1,
chalcidoidea,Parasitoid wasps of the leaf miner,"Chalcidoidea, esp. Chrysocharis, Pleurotropis",insect,tree-canopy,idle-only,override,tree-feeding microorganism on Ilex;Magnolia — parasitoid wasps operate within leaf mines,genus,Animalia,Arthropoda,Insecta,Hymenoptera,Eulophidae,Pediobius,,true,Ilex;Magnolia,2,
chionaspis-gleditsiae,Armored scale,Chionaspis gleditsiae and others,insect,tree-bark,idle-only,override,tree-feeding microorganism on Gleditsia — armoured scale fixed to bark,compound,,,,,,,,true,Gleditsia,1,
chloris,Greenfinch / Goldfinch,Chloris / Carduelis,bird,tree-canopy,tree-flitter,default,finch mix foraging on Laburnum and Liquidambar seeds — bird default fits,genus,Animalia,Chordata,Aves,Passeriformes,Fringillidae,Carduelis,,true,Laburnum;Liquidambar,2,
chloris-chloris,Greenfinch & House Sparrow,Chloris chloris / Passer domesticus,bird,tree-canopy,tree-flitter,default,greenfinch and sparrow on Styphnolobium seed pods — bird default fits,species,Animalia,Chordata,Aves,Passeriformes,Passeridae,Passer,domesticus,true,Styphnolobium,1,
chloris-chloris-prunella-modularis-troglodytes-troglodytes-erithacus-rubecula,Greenfinch / Dunnock / Wren / Robin,Chloris chloris / Prunella modularis / Troglodytes troglodytes / Erithacus rubecula,bird,tree-canopy,tree-flitter,default,four small songbirds using Cupressocyparis hedge — tree-canopy default fits as dominant shared habitat,species,Animalia,Chordata,Aves,Passeriformes,Prunellidae,Prunella,modularis,true,Cupressocyparis,1,
choristoneura,Spruce / larch budworm complex,"Choristoneura, Tortricidae",insect,tree-canopy,idle-only,override,tree-feeding microorganism on Larix — larvae sedentary in web-bound shoot shelters,genus,Animalia,Arthropoda,Insecta,Lepidoptera,Tortricidae,Choristoneura,,true,Larix,1,
chromaphis-juglandicola,Small walnut aphid,"Chromaphis juglandicola, Aphididae",insect,tree-canopy,idle-only,override,tree-feeding microorganism on Juglans — stationary colonies on walnut leaflet undersides,species,Animalia,Arthropoda,Insecta,Hemiptera,Aphididae,Chromaphis,juglandicola,true,Juglans,1,
chrysomela-populi,Poplar leaf beetles,"Chrysomela populi, C. tremula",insect,tree-canopy,idle-only,override,tree-feeding microorganism on Populus — adults and larvae feed openly on poplar leaves,species,Animalia,Arthropoda,Insecta,Coleoptera,Chrysomelidae,Chrysomela,populi,true,Populus,1,
cinara-cedri,Cedar aphid,Cinara cedri,insect,tree-canopy,idle-only,override,tree-feeding microorganism on Cedrus — colonies fixed on shoots without alternate host,species,Animalia,Arthropoda,Insecta,Hemiptera,Aphididae,Cinara,cedri,true,Cedrus,1,
cinara-cupressi,Cypress aphid,Cinara cupressi sensu lato,insect,tree-bark,idle-only,override,Bark-colonising phloem-feeding aphid; never visits flowers and stays anchored to bark.,species,Animalia,Arthropoda,Insecta,Hemiptera,Aphididae,Cinara,cupressi,true,Chamaecyparis;Cupressocyparis;Thuja,3,
cinara-laricis,Speckled larch aphid,"Cinara laricis, Lachninae",insect,tree-bark,idle-only,override,Lachnid aphid feeding in sedentary colonies on larch bark; no flower association.,species,Animalia,Arthropoda,Insecta,Hemiptera,Aphididae,Cinara,laricis,true,Larix,1,
cinara-pinea,Giant conifer aphids,"Cinara pinea, C. pini",insect,tree-bark,idle-only,override,Large pine-bark aphid with colonies fixed to bark; flower-visitor default does not apply.,species,Animalia,Arthropoda,Insecta,Hemiptera,Aphididae,Cinara,pineum,true,Pinus,1,
coccinella-septempunctata,Seven-spot ladybird (Coccinella septempunctata) + larvae,,insect,tree-canopy,idle-only,override,Aphid predator hunting Tilia canopy; foliage habitat and slow predatory movement displace the flower-visitor default.,compound,,,,,,,,true,Tilia,1,
coccinellidae,Ladybirds & lacewings,"Coccinellidae, Chrysopidae",insect,tree-canopy,idle-only,override,Canopy aphid predators (ladybirds and lacewings) rest near prey; not flower visitors.,family,Animalia,Arthropoda,Insecta,Coleoptera,Coccinellidae,,,true,Juglans;Larix;Magnolia;Parrotia,4,
coccothraustes-coccothraustes,Hawfinch,Coccothraustes coccothraustes,bird,tree-canopy,tree-flitter,default,Upper-canopy finch feeding on hornbeam nutlets; small-bird defaults fit without modification.,species,Animalia,Chordata,Aves,Passeriformes,Fringillidae,Coccothraustes,coccothraustes,true,Carpinus,1,
coleophora-laricella,Larch casebearer moth,"Coleophora laricella, Coleophoridae",insect,tree-canopy,idle-only,override,Leaf-mining larva confined to larch needles; no flower-visiting stage relevant to map animation.,species,Animalia,Arthropoda,Insecta,Lepidoptera,Coleophoridae,Coleophora,laricella,true,Larix,1,
coleophoridae,Case-bearer moth caterpillars,Coleophoridae,insect,tree-canopy,idle-only,override,Case-bearer caterpillars graze foliage from a fixed case; strictly foliage microhabitat not flowers.,family,Animalia,Arthropoda,Insecta,Lepidoptera,Coleophoridae,,,true,Cornus,1,
coleoptera-saproxylica,Hericium & beech wood-decay beetles,Coleoptera saproxylica,insect,tree-bark,idle-only,override,Saproxylic beetles live in decaying beech wood and bark; bark placement and idle animation correct.,order,Animalia,Arthropoda,Insecta,Coleoptera,,,,true,Fagus,1,
collembola,Springtails and bark-dwelling Collembola,Collembola,insect,tree-bark,idle-only,override,Bark-crevice springtails on multiple genera; movement below renderer threshold and no flower association.,class,Animalia,Arthropoda,Collembola,,,,,true,Cercidiphyllum;Metasequoia;Parrotia;Paulownia;Platanus;Populus;Quercus,7,
collembola-oribatida,Springtails & oribatid mites in litter,"Collembola, Oribatida",insect,ground-park,idle-only,override,Litter/soil community beneath beech; ground-park placement correct — not bark-dwelling or flower-visiting.,class,Animalia,Arthropoda,Collembola,,,,,true,Fagus,1,
collembola-psocoptera,Bark-crevice springtails & psocids,"Collembola, Psocoptera",insect,tree-bark,idle-only,override,Bark-crevice psocids and springtails on Ginkgo; feed on bark algae/lichen not flowers.,class,Animalia,Arthropoda,Collembola,,,,,true,Ginkgo,1,
colocasia-coryli,Nut-tree tussock,Colocasia coryli / Noctuidae,insect,tree-canopy,idle-only,override,Foliage-resting caterpillar on hornbeam; adult rests on bark by day — neither stage visits flowers.,species,Animalia,Arthropoda,Insecta,Lepidoptera,Noctuidae,Colocasia,coryli,true,Carpinus,1,
columba-corvus,Wood pigeons & corvids,Columba/Corvus,bird,tree-canopy;anywhere,tree-flitter;urban-walker,override,Mixed pigeon-and-corvid observation; corvid ground-foraging demands second habitat and movement tag.,kingdom,Animalia,,,,,,,true,Metasequoia;Nyssa,2,
columba-palumbus,Wood Pigeon and roosting passerines,"Columba palumbus, Turdus merula",bird,tree-canopy,idle-only;tree-flitter,override,Roosting pigeons and passerines observed settled in dense canopy; idle-only is dominant animation.,species,Animalia,Chordata,Aves,Columbiformes,Columbidae,Columba,palumbus,true,Cercidiphyllum;Chamaecyparis;Cornus;Ilex;Liquidambar;Taxodium;Thuja;Zelkova,8,
columba-palumbus-pica-pica-corvus-cornix,Wood Pigeon / Eurasian Magpie / Hooded Crow,Columba palumbus / Pica pica / Corvus cornix,bird,anywhere,tree-flitter;urban-walker,override,Three-species corvid/pigeon mix with strong ground-foraging component displaces tree-canopy default.,species,Animalia,Chordata,Aves,Columbiformes,Columbidae,Columba,palumbus,true,Ginkgo,1,
columba-palumbus-streptopelia-decaocto,Wood Pigeon / Collared Dove,Columba palumbus / Streptopelia decaocto,bird,tree-canopy,idle-only;tree-flitter,override,Roosting pigeons and doves in dense cypress; primary observation is motionless roosting.,species,Animalia,Chordata,Aves,Columbiformes,Columbidae,Columba,palumbus,true,Cupressocyparis,1,
corvus,Crow / magpie roost,"Corvus, Pica",bird,anywhere,tree-flitter;urban-walker,override,Crow/magpie roost in Gleditsia; corvids equally use canopy and pavement requiring anywhere + dual movement.,genus,Animalia,Chordata,Aves,Passeriformes,Corvidae,Corvus,,true,Gleditsia,1,
corvus-corone,Carrion Crow / Hooded Crow,Corvus corone,bird,anywhere,tree-flitter;urban-walker,override,Urban generalist corvid exploiting canopy roosts and pavement foraging equally throughout the day.,species,Animalia,Chordata,Aves,Passeriformes,Corvidae,Corvus,corone,true,Juglans,1,
corvus-frugilegus,Rooks & carrion crows,Corvus frugilegus / C. corone,bird,anywhere,tree-flitter;urban-walker,override,Rooks and crows roost in plane trees and commute to pavements/grass to forage — dual habitat essential.,species,Animalia,Chordata,Aves,Passeriformes,Corvidae,Corvus,frugilegus,true,Platanus,1,
corythucha-ciliata,Sycamore lace bug,"Corythucha ciliata, Tingidae",insect,tree-canopy,idle-only,override,Invasive lace bug feeding gregariously on Platanus leaf undersides; not a flower visitor.,species,Animalia,Arthropoda,Insecta,Hemiptera,Tingidae,Corythucha,ciliata,true,Platanus,1,
cosmia-diffinis,White-spotted Pinion moth,"Cosmia diffinis, Noctuidae",insect,tree-canopy,idle-only,override,Elm-specialist noctuid; caterpillar mines buds and adult rests on bark — no flower-visiting phase.,species,Animalia,Arthropoda,Insecta,Lepidoptera,Noctuidae,Cosmia,diffinis,true,Ulmus,1,
cossus-cossus,Wood-boring beetles,"goat moth Cossus cossus, clearwing Synanthedon",insect,tree-bark,idle-only,override,Wood-boring moths (goat moth + clearwing) whose larvae tunnel in bark/wood of willow and chestnut.,genus,Animalia,Arthropoda,Insecta,Lepidoptera,Cossidae,Cossus,,true,Castanea;Salix,2,
cryptogams,Lichens & mosses on bark,cryptogams,lichen,tree-bark,none,default,Lichens and mosses permanently adhered to Ginkgo bark; lichen category defaults fit exactly.,unmatched,,,,,,,,true,Ginkgo,1,
curculio-elephas,Chestnut weevil,Curculio elephas,insect,tree-canopy,idle-only,override,Chestnut-nut specialist weevil; female drills nuts in canopy and adults move only sluggishly on foliage.,species,Animalia,Arthropoda,Insecta,Coleoptera,Curculionidae,Curculio,elephas,true,Castanea,1,
curculio-glandium,Acorn weevils,Curculio glandium / C. elephas,insect,tree-canopy,idle-only,override,Acorn weevil whose entire life cycle revolves around oak acorns; adults barely move at sprite scale.,species,Animalia,Arthropoda,Insecta,Coleoptera,Curculionidae,Curculio,glandium,true,Quercus,1,
curculio-nucum,Nut weevil,Curculio nucum,insect,tree-canopy,idle-only,override,Hazel-nut specialist weevil; larvae inside nuts and adults stationary on hazel foliage.,species,Animalia,Arthropoda,Insecta,Coleoptera,Curculionidae,Curculio,nucum,true,Corylus,1,
curculionoidea,Willow weevils,Curculionoidea — ~100+ Salix-associated spp. across Europe,insect,tree-canopy,idle-only,override,100+ Salix-associated weevil species feeding on leaves/bark; leaf feeders not pollinators.,compound,,,,,,,,true,Salix,1,
cyanistes,Blue & Great Tits,Cyanistes / Parus,bird,tree-canopy,tree-flitter,default,Blue and great tits are quintessential small canopy songbirds matching bird defaults exactly.,genus,Animalia,Chordata,Aves,Passeriformes,Paridae,Cyanistes,,true,Aesculus;Amelanchier;Carpinus;Ilex;Robinia;Styphnolobium,6,
cyanistes-caeruleus,Blue & Great Tits,Cyanistes caeruleus / Parus major,bird,tree-canopy,tree-flitter,default,Small songbirds that actively flit between canopy branches of 17 host tree genera in Amsterdam.,species,Animalia,Chordata,Aves,Passeriformes,Paridae,Cyanistes,caeruleus,true,Acer;Castanea;Catalpa;Celtis;Cercidiphyllum;Cercis;Gleditsia;Laburnum;Parrotia;Populus;Pyrus;Quercus;Taxodium;Taxus;Tilia;Ulmus;Zelkova,17,
cyanistes-caeruleus-parus-major,Blue & Great Tits,Cyanistes caeruleus / Parus major,bird,tree-canopy,tree-flitter,default,Blue/Great Tit canopy foraging on hazel is identical to the default bird behaviour.,species,Animalia,Chordata,Aves,Passeriformes,Paridae,Cyanistes,caeruleus,true,Corylus,1,
cyanistes-parus,Blue & Great Tits,Cyanistes/Parus / Paridae,bird,tree-canopy,tree-flitter,default,Paridae family aggregate on four genera — default songbird placement applies without modification.,genus,Animalia,Chordata,Aves,Passeriformes,Paridae,Cyanistes,,true,Liriodendron;Magnolia;Malus;Ostrya,4,
cydia-illutana,Larch tortrix and cone moths,"Cydia illutana, Zeiraphera",insect,tree-canopy,idle-only,override,Larvae concealed in larch cones; adults rest motionless — no flower-visiting behaviour.,species,Animalia,Arthropoda,Insecta,Lepidoptera,Tortricidae,Cydia,illutana,true,Larix,1,
cydia-pomonella,Codling moth,"Cydia pomonella, Tortricidae",insect,tree-canopy,idle-only,override,Fruit-boring larvae hidden in apple/pear/walnut; adults are cryptic nocturnal resting moths.,species,Animalia,Arthropoda,Insecta,Lepidoptera,Tortricidae,Cydia,pomonella,true,Juglans;Malus;Pyrus,3,
cydia-splendana,Chestnut tortrix,Cydia splendana,insect,tree-canopy,idle-only,override,Larvae bore into chestnut nuts; adults rest still on bark — no flower-bobbing behaviour.,species,Animalia,Arthropoda,Insecta,Lepidoptera,Tortricidae,Cydia,splendana,true,Castanea,1,
cynipidae,Oak gall wasps,"Cynipidae, ~30+ spp. per tree",insect,tree-canopy,idle-only,override,Observable as stationary gall structures on oak foliage; adults are too tiny to animate in flight.,compound,,,,,,,,true,Quercus,1,
dasineura-pyri,Pear leaf-curling midge,Dasineura pyri,insect,tree-canopy,idle-only,override,Larvae hidden in rolled pear leaf margins; the observable sign is stationary curled foliage.,species,Animalia,Arthropoda,Insecta,Diptera,Cecidomyiidae,Dasineura,pyri,true,Pyrus,1,
dendrocopos-major,Great Spotted Woodpecker,Dendrocopos major,bird,tree-bark;tree-canopy,tree-flitter;idle-only,override,Woodpecker is a bark specialist that drills while stationary then flits to nearby trees.,species,Animalia,Chordata,Aves,Piciformes,Picidae,Dendrocopos,major,true,Betula;Cedrus,2,
dendrocopos-major-sitta-europaea,Great Spotted Woodpecker & Nuthatch,Dendrocopos major / Sitta europaea,bird,tree-bark;tree-canopy,tree-flitter;idle-only,override,Woodpecker and Nuthatch both work the bark surface with long stationary foraging bouts between tree-flitter flights.,species,Animalia,Chordata,Aves,Piciformes,Picidae,Dendrocopos,major,true,Fagus,1,
diaspididae,Armoured scales and mealybugs,"Diaspididae, Pseudococcidae",insect,tree-bark,idle-only,override,Armoured scales are permanently sedentary on bark; mealybugs barely move — no flower-visitor relevance.,family,Animalia,Arthropoda,Insecta,Hemiptera,Diaspididae,,,true,Celtis;Cercidiphyllum,2,
diaspididae-pseudococcidae,Armored scales & mealybugs,"Diaspididae, Pseudococcidae",insect,tree-bark,idle-only,override,Same bark-anchored sedentary sap-feeding guild as diaspididae slug but on Nyssa.,family,Animalia,Arthropoda,Insecta,Hemiptera,Diaspididae,,,true,Nyssa,1,
diprion-pini,Pine sawflies,"Diprion pini, Neodiprion sertifer, Diprionidae",insect,tree-canopy,idle-only,override,Larvae feed gregariously in motionless clusters on pine needles; no flower-visiting occurs.,species,Animalia,Arthropoda,Insecta,Hymenoptera,Diprionidae,Diprion,pini,true,Pinus,1,
diptera-hymenoptera-coleoptera,Pollinators on Mayflower,"Diptera, Hymenoptera, Coleoptera",insect,flower-visitor,flower-bobber,default,Diverse pollinator guild visiting hawthorn blossom — insect defaults fit exactly.,order,Animalia,Arthropoda,Insecta,Diptera,,,,true,Crataegus,1,
dorcus-parallelipipedus,Lesser stag beetle,Dorcus parallelipipedus,insect,tree-bark;ground-park,idle-only,override,Saproxylic beetle found stationary on dead wood and stumps; no flower-visitor behaviour.,species,Animalia,Arthropoda,Insecta,Coleoptera,Lucanidae,Dorcus,parallelipipedus,true,Fraxinus,1,
drepanosiphum-platanoidis,Sycamore aphid,Drepanosiphum platanoidis / Aphididae,insect,tree-canopy,idle-only,override,Sedentary aphid colonies on maple leaf undersides; no locomotion meaningful at sprite scale.,species,Animalia,Arthropoda,Insecta,Hemiptera,Aphididae,Drepanosiphum,platanoidis,true,Acer,1,
dryocosmus-kuriphilus,Oriental chestnut gall wasp,Dryocosmus kuriphilus,insect,tree-canopy,idle-only,override,Invasive gall wasp visible only as stationary galls on chestnut canopy foliage.,species,Animalia,Arthropoda,Insecta,Hymenoptera,Cynipidae,Dryocosmus,kuriphilus,true,Castanea,1,
dysaphis-plantaginea-aphis-pomi,Rosy apple aphid & green apple aphid,"Dysaphis plantaginea, Aphis pomi / Aphididae",insect,tree-canopy,idle-only,override,Sedentary leaf-curling aphids on apple shoots and leaf undersides in the canopy.,species,Animalia,Arthropoda,Insecta,Hemiptera,Aphididae,Dysaphis,plantaginea,true,Malus,1,
dysaphis-pyri,Pear & rosy apple aphids,"Dysaphis pyri, D. plantaginea",insect,tree-canopy,idle-only,override,Pear aphids form sedentary colonies on leaf undersides causing characteristic reddening.,species,Animalia,Arthropoda,Insecta,Hemiptera,Aphididae,Dysaphis,pyri,true,Pyrus,1,
dysaphis-sorbi,Aphids,"Aphidoidea — Dysaphis sorbi, Eriosoma spp.",insect,tree-canopy,idle-only,override,Aphid and woolly aphid guild on rowan/whitebeam — sedentary feeders across leaf and bark surfaces.,genus,Animalia,Arthropoda,Insecta,Hemiptera,Aphididae,Eriosoma,,true,Sorbus,1,
elasmostethus-interstinctus,Birch shieldbug,Elasmostethus interstinctus / Acanthosomatidae,insect,tree-canopy,idle-only,override,Birch shieldbug rests motionless on birch leaves and catkins; rarely seen in active flight.,species,Animalia,Arthropoda,Insecta,Hemiptera,Acanthosomatidae,Elasmostethus,interstinctus,true,Betula,1,
elatobium-abietinum,Spruce aphids,"Elatobium abietinum, Cinara pilicornis",insect,tree-canopy,idle-only,override,Spruce aphids form sedentary needle-feeding colonies; no flower-visitor relevance on conifers.,species,Animalia,Arthropoda,Insecta,Hemiptera,Aphididae,Elatobium,abietinum,true,Picea,1,
enarmonia-formosana,Cherry bark tortrix & cherry fruit moth,"Enarmonia formosana, Argyresthia pruniella",insect,tree-bark,idle-only,override,Bark-boring larvae on Prunus trunks; adults rest immobile on bark during day.,species,Animalia,Arthropoda,Insecta,Lepidoptera,Tortricidae,Enarmonia,formosana,true,Prunus,1,
endromis-versicolora,Birch moths,"Geometridae & Notodontidae, incl. Endromis versicolora",insect,tree-canopy,idle-only,override,Birch moth larvae are leaf-feeders that rest still; adults are large day-resting moths on bark or foliage.,compound,,,,,,,,true,Betula,1,
eriophyes,Gall mites,Eriophyes spp.,arachnid,tree-canopy,idle-only,override,Microscopic leaf-surface mites on hawthorn visible only as stationary gall structures; tree-canopy is more specific than the arachnid default of anywhere.,genus,Animalia,Arthropoda,Arachnida,Trombidiformes,Eriophyidae,Eriophyes,,true,Crataegus,1,
eriophyes-tiliae,Lime nail gall mite,"Eriophyes tiliae, Eriophyidae",arachnid,tree-canopy,idle-only,override,Lime nail gall mites produce distinctive stationary galls on linden leaf surfaces throughout Amsterdam.,species,Animalia,Arthropoda,Arachnida,Trombidiformes,Eriophyidae,Eriophyes,tiliae,true,Tilia,1,
eucallipterus-tiliae,Lime aphid,"Eucallipterus tiliae, Aphididae",insect,tree-canopy,idle-only,override,Lime aphid forms stationary honeydew-producing colonies on linden leaf undersides across the city.,species,Animalia,Arthropoda,Insecta,Hemiptera,Aphididae,Eucallipterus,tiliae,true,Tilia,1,
euceraphis-betulae,Silver birch aphid,Euceraphis betulae / Aphididae,insect,tree-canopy,idle-only,override,Silver birch aphid is a sedentary leaf-underside feeder on birch canopy; dispersal flights are brief.,species,Animalia,Arthropoda,Insecta,Hemiptera,Aphididae,Euceraphis,betulae,true,Betula,1,
fascista-cercerisella,Redbud leaf-folder moth and Lepidoptera larvae,Fascista cercerisella and ~10–19 spp.,insect,tree-canopy,idle-only,override,Redbud leaf-folder larvae shelter in folded Cercis leaves; adults rest motionless on foliage.,compound,,,,,,,,true,Cercis,1,
favonius-quercus,Purple hairstreak butterfly,Favonius quercus,insect,tree-canopy,flower-bobber,override,Adults live almost entirely in oak canopy feeding on honeydew rather than visiting flowers.,species,Animalia,Arthropoda,Insecta,Lepidoptera,Lycaenidae,Quercusia,quercus,true,Quercus,1,
fomitopsis-betulina,Birch polypore & associated fungus gnats,Fomitopsis betulina + Mycetophilidae,fungus,tree-bark,none,default,Bracket fungus on birch bark; fungus category default applies exactly.,compound,,,,,,,,true,Betula,1,
forficula-auricularia,Earwigs,Forficula auricularia,insect,tree-bark;ground-park,idle-only,override,Earwigs shelter under bark by day and forage on ground at night; not a flower-visitor.,species,Animalia,Arthropoda,Insecta,Dermaptera,Forficulidae,Forficula,auricularia,true,Parrotia;Paulownia;Pyrus,3,
formica,Wood ants & sugar-tending ants,"Formica, Lasius / Formicidae",insect,tree-canopy;ground-park,idle-only,override,Ants tend canopy aphids for honeydew and crawl too slowly to animate beyond idle.,genus,Animalia,,,,,Formica,,true,Acer,1,
formica-rufa,Red wood ants,"Formica rufa group, incl. Scottish wood ant F. aquilonia",insect,ground-park;tree-canopy,park-roamer;idle-only,override,Red wood ants are ground-dominant mound builders that also ascend pines to tend aphids.,genus,Animalia,Arthropoda,Insecta,Hymenoptera,Formicidae,Formica,,true,Pinus,1,
formicidae-e-g-lasius-niger,Honeydew-feeding ants,"Formicidae, e.g. Lasius niger",insect,tree-canopy,idle-only,override,Observed specifically in Liriodendron canopy feeding on aphid honeydew; not flower-visiting.,family,Animalia,Arthropoda,Insecta,Hymenoptera,Formicidae,,,true,Liriodendron,1,
frankia-alni,Frankia root nodule bacteria,Frankia alni / Frankiaceae,other,tree-rooted,none,override,Endosymbiotic root-nodule bacteria anchored to host Alnus root zone; nowhere else makes sense.,species,Bacteria,Actinobacteriota,Actinomycetia,Mycobacteriales,Frankiaceae,Frankia,alni,true,Alnus,1,
fringilla-coelebs,Finches and small passerines,"Fringilla coelebs, Carduelis spp., Sylvia spp.",bird,tree-canopy,tree-flitter,default,Classic small passerines in conifer canopy; default bird tags fit exactly.,species,Animalia,Chordata,Aves,Passeriformes,Fringillidae,Fringilla,coelebs,true,Chamaecyparis,1,
fringilla-coelebs-montifringilla,Chaffinch & Brambling,Fringilla coelebs / montifringilla,bird,tree-canopy;ground-park,tree-flitter;park-roamer,override,Chaffinch and Brambling demonstrably split time between beech canopy and ground seed-foraging.,species,Animalia,Chordata,Aves,Passeriformes,Fringillidae,Fringilla,coelebs,true,Fagus,1,
garrulus-glandarius,Eurasian Jay,Garrulus glandarius,bird,tree-canopy;ground-park,tree-flitter;park-roamer,override,Jays forage in canopy for mast and descend to ground for caching; bimodal lifestyle needs both tags.,species,Animalia,Chordata,Aves,Passeriformes,Corvidae,Garrulus,glandarius,true,Aesculus;Juglans;Pterocarya;Quercus,4,
geometridae,Maple-feeding moths,multiple Geometridae & Noctuidae,insect,tree-canopy,idle-only,override,Caterpillar life stage dominates; sedentary leaf-feeders on Acer/Picea/Tilia/Zelkova canopy.,compound,,,,,,,,true,Acer;Picea;Tilia;Zelkova,4,
gilpinia-hercyniae,Spruce sawflies,"Gilpinia hercyniae, Pristiphora abietina, Diprionidae/Tenthredinidae",insect,tree-canopy,idle-only,override,Gregarious larval foliage-feeders on spruce; sessile on needles and not flower-visitors.,species,Animalia,Arthropoda,Insecta,Hymenoptera,Diprionidae,Gilpinia,hercyniae,true,Picea,1,
glyphodes-pyloalis,Mulberry leaf-webber,Glyphodes pyloalis / Crambidae,insect,tree-canopy,idle-only,override,Larvae live inside silk webs on Morus foliage; entirely canopy-resident and sedentary.,species,Animalia,Arthropoda,Insecta,Lepidoptera,Crambidae,Glyphodes,pyloalis,true,Morus,1,
gracillariidae,Leaf-mining micromoths,"Gracillariidae, Stigmella spp. / Nepticulidae",insect,tree-canopy,idle-only,override,Leaf-mining larvae are immobile within Ostrya leaf tissue; strict canopy microhabitat.,family,Animalia,Arthropoda,Insecta,Lepidoptera,Gracillariidae,,,true,Ostrya,1,
grylloprociphilus-imbricator,Beech blight aphid,"Grylloprociphilus imbricator, Aphididae",insect,tree-bark,idle-only,override,Colony forms on lower trunk bark surface of Taxodium/beech rather than in foliage.,species,Animalia,Arthropoda,Insecta,Hemiptera,Aphididae,Grylloprociphilus,imbricator,true,Taxodium,1,
hammerschmidtia-ferruginea,Aspen hoverfly,Hammerschmidtia ferruginea,insect,tree-bark;flower-visitor,idle-only;flower-bobber,override,Larvae breed in decaying Populus bark; adults flower-visit — dual habitat and movement needed.,species,Animalia,Arthropoda,Insecta,Diptera,Syrphidae,Hammerschmidtia,ferruginea,true,Populus,1,
heterarthrus,Birch leaf-mining sawflies,"Heterarthrus, Fenusa / Tenthredinidae",insect,tree-canopy,idle-only,override,Leaf-mining sawfly larvae are sessile within Betula leaf tissue; canopy specialist.,family,Animalia,Arthropoda,Insecta,Hymenoptera,Tenthredinidae,,,true,Betula,1,
honeybees-flies-aphid-honeydew,Honeybees & flies on aphid honeydew,,insect,tree-canopy,flower-bobber,override,Insects collect aphid honeydew from Juglans foliage in canopy; not visiting flowers.,compound,,,,,,,,true,Juglans,1,
honeybees-flies-extrafloral,Honeybees & flies on extrafloral nectaries / sap,,insect,tree-canopy,flower-bobber,override,Bees and flies exploit Liquidambar extrafloral nectaries on stems and petioles in canopy.,compound,,,,,,,,true,Liquidambar,1,
hylesinus-leperisinus-fraxini,Ash bark beetle,Hylesinus / Leperisinus fraxini,insect,tree-bark,idle-only,override,Bark beetles bore and breed under Fraxinus bark; placement on tree bark surface is definitive.,genus,Animalia,Arthropoda,Insecta,Coleoptera,Curculionidae,Hylesinus,,true,Fraxinus,1,
illinoia-liriodendri,Tulip-tree aphid,Illinoia liriodendri / Aphididae,insect,tree-canopy,idle-only,override,Sedentary phloem-feeding aphid on Liriodendron/Magnolia leaf undersides; not a flower-visitor.,species,Animalia,Arthropoda,Insecta,Hemiptera,Aphididae,Illinoia,liriodendri,true,Liriodendron;Magnolia,2,
ips-typographus,Eurasian spruce bark beetle,"Ips typographus, Scolytinae",insect,tree-bark,idle-only,override,Bark beetle lives under Picea bark; visible only as exit holes; strictly tree-bark.,species,Animalia,Arthropoda,Insecta,Coleoptera,Curculionidae,Ips,typographus,true,Picea,1,
jadera-haematoloma,"Soapberry / ""goldenrain tree"" bug","Jadera haematoloma, Rhopalidae",insect,ground-park,idle-only,override,Aggregates on fallen Koelreuteria seed pods at ground level under the tree.,species,Animalia,Arthropoda,Insecta,Hemiptera,Rhopalidae,Jadera,haematoloma,true,Koelreuteria,1,
laothoe-populi,Poplar hawk moth,"Laothoe populi, Sphingidae",insect,tree-canopy,idle-only;sky-looper,override,Larvae feed in Populus canopy; adults roost cryptically in canopy by day and loop by night.,species,Animalia,Arthropoda,Insecta,Lepidoptera,Sphingidae,Laothoe,populi,true,Populus,1,
lasioglossum,Halictid sweat bees,"Lasioglossum, Halictus spp.",insect,flower-visitor;ground-park,flower-bobber;park-roamer,override,Flower-visiting adults also nest in park ground; secondary ground-park tag needed.,genus,Animalia,Arthropoda,Insecta,Hymenoptera,Halictidae,Lasioglossum,,true,Gleditsia,1,
lasius,Ants on extrafloral nectaries,"Lasius, Formica / Formicidae",insect,tree-canopy,idle-only,override,Ants exploit extrafloral nectaries on Ailanthus/Liquidambar stems within the canopy zone.,family,Animalia,Arthropoda,Insecta,Hymenoptera,Formicidae,,,true,Ailanthus;Liquidambar,2,
lasius-niger,Ants,Lasius niger and others,insect,ground-urban;ground-park,urban-walker;park-roamer,override,Black garden ant nests in pavement cracks and forages across urban and park surfaces; not canopy-tied.,compound,,,,,,,,true,Laburnum;Styphnolobium;Taxodium;Thuja;Tilia;Zelkova,6,
leaf-mining-flies-micro-moths,Leaf-mining flies / micro-moths,,insect,tree-canopy,idle-only,override,Larval leaf-miners in Laburnum foliage are immobile within mine tissue; strict canopy placement.,compound,,,,,,,,true,Laburnum,1,
lepidoptera,"Moth caterpillars — Nut-tree Tussock, Large Emerald, Barred Umber, Small White Wave",Lepidoptera,insect,tree-canopy,idle-only,override,Caterpillars of four moth species cling motionlessly to Corylus/Fagus/Fraxinus/Nyssa foliage.,order,Animalia,Arthropoda,Insecta,Lepidoptera,,,,true,Corylus;Fagus;Fraxinus;Nyssa,4,
lepidoptera-incl-trichiura-crataegi-lackey-vapourer-light-emerald,Hawthorn moth caterpillars,"Lepidoptera, incl. Trichiura crataegi, lackey, vapourer, light emerald",insect,tree-canopy;tree-bark,idle-only,override,Caterpillars feed in foliage and rest on bark — not default flower-visitor pollinators.,order,Animalia,Arthropoda,Insecta,Lepidoptera,,,,true,Crataegus,1,
lepidoptera-rare,Loopers / generalist caterpillars,"Lepidoptera, rare",insect,tree-canopy,idle-only,override,Generalist leaf-feeding caterpillars are anchored to foliage not flowers.,order,Animalia,Arthropoda,Insecta,Lepidoptera,,,,true,Ginkgo,1,
lepus,Hares & deer browsing,"Lepus, Capreolus",mammal,ground-park,park-roamer,default,,genus,Animalia,Chordata,Mammalia,Lagomorpha,Leporidae,Lepus,,true,Laburnum,1,
lobarion-graphidion-communities,Lichens & bark mosses,"Lobarion, Graphidion communities",lichen,tree-bark,none,default,,genus,Fungi,,,,,Lobarion,,true,Fraxinus,1,
lochmaea-crataegi,Hawthorn leaf beetle,Lochmaea crataegi,insect,tree-canopy,idle-only,override,Specialist leaf beetle sits near-motionless on Crataegus foliage rather than visiting flowers.,species,Animalia,Arthropoda,Insecta,Coleoptera,Chrysomelidae,Lochmaea,crataegi,true,Crataegus,1,
loxia-curvirostra,Common Crossbill,Loxia curvirostra,bird,tree-canopy,tree-flitter,default,,species,Animalia,Chordata,Aves,Passeriformes,Fringillidae,Loxia,curvirostra,true,Larix;Pinus,2,
lutra-lutra,Otter & water vole,"Lutra lutra, Arvicola amphibius",mammal,water-edge;water-body,water-edge-stalker;water-drifter,override,Semi-aquatic mammals that patrol canal banks and swim through the water body.,species,Animalia,Chordata,Mammalia,Carnivora,Mustelidae,Lutra,lutra,true,Alnus,1,
lycorma-delicatula,Spotted lanternfly,Lycorma delicatula / Fulgoridae,insect,tree-bark;tree-canopy,idle-only,override,Sap-feeding planthopper clings motionless to bark rather than visiting flowers.,species,Animalia,Arthropoda,Insecta,Hemiptera,Fulgoridae,Lycorma,delicatula,true,Ailanthus,1,
lymantria-dispar,Gypsy moth caterpillars,Lymantria dispar / Erebidae,insect,tree-canopy;tree-bark,idle-only,override,Defoliating caterpillar feeds in canopy and rests on bark — not a flower-visitor.,species,Animalia,Arthropoda,Insecta,Lepidoptera,Erebidae,Lymantria,dispar,true,Ostrya,1,
macroglossum-stellatarum,Night-flying hawkmoths,"Sphingidae, e.g. Macroglossum stellatarum",insect,flower-visitor;tree-canopy,flower-bobber;sky-looper,override,Hawkmoths hover at blooms (flower-bobber) then make fast transit flights (sky-looper).,family,Animalia,Arthropoda,Insecta,Lepidoptera,Sphingidae,,,true,Catalpa,1,
macropsis-fumipennis,Honey locust leafhopper,Macropsis fumipennis,insect,tree-canopy,idle-only,override,Specialist leafhopper feeds motionlessly on Gleditsia foliage undersides.,species,Animalia,Arthropoda,Insecta,Hemiptera,Cicadellidae,Macropsis,fumipennis,true,Gleditsia,1,
malacosoma-disstria,Forest tent caterpillar,"Malacosoma disstria, native range only",insect,tree-canopy;tree-bark,idle-only,override,Communal caterpillar feeds in canopy and rests in silk mats on bark.,species,Animalia,Arthropoda,Insecta,Lepidoptera,Lasiocampidae,Malacosoma,disstria,true,Nyssa,1,
malacosoma-neustria,Lackey moth,Malacosoma neustria,insect,tree-canopy;tree-bark,idle-only,override,Lackey moth caterpillars feed in foliage and lay egg rings on bark — not flower-visitors.,species,Animalia,Arthropoda,Insecta,Lepidoptera,Lasiocampidae,Malacosoma,neustria,true,Cornus,1,
martes-martes,Pine marten,Martes martes,mammal,tree-canopy;ground-park,tree-flitter;park-roamer,override,Arboreal mustelid leaps through canopy by day and hunts on ground at night.,species,Animalia,Chordata,Mammalia,Carnivora,Mustelidae,Martes,martes,true,Pinus;Sorbus,2,
megabruchidius-dorsalis,Asian honey-locust seed beetle,"Megabruchidius dorsalis, Bruchinae",insect,tree-canopy,idle-only,override,Bruchid seed beetle lives and mates on Gleditsia pods in the canopy without flower-visiting.,species,Animalia,Arthropoda,Insecta,Coleoptera,Chrysomelidae,Megabruchidius,dorsalis,true,Gleditsia,1,
megachile,Leafcutter bees,Megachile spp.,insect,flower-visitor,flower-bobber,default,,genus,Animalia,Arthropoda,Insecta,Hymenoptera,Megachilidae,Megachile,,true,Cercis,1,
megachile-sculpturalis,Asian giant resin bee,Megachile sculpturalis,insect,flower-visitor,flower-bobber,default,,species,Animalia,Arthropoda,Insecta,Hymenoptera,Megachilidae,Megachile,sculpturalis,true,Styphnolobium,1,
meles-meles,Badger,Meles meles,mammal,ground-park,park-roamer,default,,species,Animalia,Chordata,Mammalia,Carnivora,Mustelidae,Meles,meles,true,Prunus,1,
mesostigmata,Phoretic mites on Ips typographus,"Mesostigmata, e.g. Trichouropoda, Dendrolaelaps",arachnid,tree-bark,idle-only,override,Phoretic mites live sub-cortically on spruce bark; tree-bark beats the default anywhere.,order,Animalia,Arthropoda,Arachnida,Mesostigmata,,,,true,Picea,1,
mimas-tiliae,Lime hawk-moth,"Mimas tiliae, Sphingidae",insect,tree-canopy,idle-only,override,Lime hawk-moth caterpillar feeds motionlessly in Tilia foliage — not a flower-visitor.,species,Animalia,Arthropoda,Insecta,Lepidoptera,Sphingidae,Mimas,tiliae,true,Tilia,1,
muscardinus-avellanarius,Hazel Dormouse,Muscardinus avellanarius,mammal,tree-canopy;ground-park,tree-flitter;park-roamer,override,Arboreal dormouse moves through canopy and occasionally forages on the ground.,species,Animalia,Chordata,Mammalia,Rodentia,Gliridae,Muscardinus,avellanarius,true,Corylus;Crataegus;Prunus,3,
myzocallis-carpini,Hornbeam aphids,Myzocallis carpini / Aphididae,insect,tree-canopy,idle-only,override,Specialist aphid colonies are stationary on Carpinus leaf undersides.,species,Animalia,Arthropoda,Insecta,Hemiptera,Aphididae,Myzocallis,carpini,true,Carpinus,1,
myzus-cerasi,Aphids,"cherry blackfly, Myzus cerasi",insect,tree-canopy,idle-only,override,Cherry blackfly forms dense stationary colonies on Prunus shoot tips and leaf undersides.,species,Animalia,Arthropoda,Insecta,Hemiptera,Aphididae,Myzus,cerasi,true,Prunus,1,
nematinae,Sawflies,Nematinae / Pontania gallers,insect,tree-canopy,idle-only,override,Pontania gallers develop inside static leaf galls on willow — no flower-visiting.,unmatched,,,,,,,,true,Salix,1,
nematus-tibialis,Locust sawfly,Nematus tibialis,insect,tree-canopy,idle-only,override,Gregarious sawfly larvae feed motionlessly on Robinia leaflets — not pollinators.,species,Animalia,Arthropoda,Insecta,Hymenoptera,Tenthredinidae,Nematus,tibialis,true,Robinia,1,
neolecanium-cornuparvum,Magnolia scale,Neolecanium cornuparvum / Coccidae,insect,tree-bark,idle-only,override,Scale insect is permanently fused to Magnolia bark — no movement whatsoever.,species,Animalia,Arthropoda,Insecta,Hemiptera,Coccidae,Neolecanium,cornuparvum,false,Magnolia,1,Close-up photo of magnolia twig showing brown dome-shaped scale insects against the grey bark.
nyctalus,Roosting bats,"Nyctalus, Myotis spp.",mammal,tree-canopy;sky-only,sky-looper;idle-only,override,Roosting bats anchor to tree cavities by day and fly aerial loops at night.,genus,Animalia,Chordata,Mammalia,Chiroptera,Vespertilionidae,Nyctalus,,true,Castanea,1,
nyctalus-noctula,Noctule Bat,Nyctalus noctula,mammal,tree-canopy;sky-only,sky-looper;idle-only,override,Noctule roosts in tree holes (idle-only) and hunts on high fast aerial circuits (sky-looper).,species,Animalia,Chordata,Mammalia,Chiroptera,Vespertilionidae,Nyctalus,noctula,true,Betula,1,
nymphalis-antiopa,Mourning Cloak / Camberwell Beauty,Nymphalis antiopa,insect,tree-canopy;flower-visitor,tree-flitter;flower-bobber,override,Adults glide between canopy trees and sip sap/nectar — larvae feed in foliage.,species,Animalia,Arthropoda,Insecta,Lepidoptera,Nymphalidae,Nymphalis,antiopa,true,Celtis,1,
obolodiplosis-robiniae,Black locust gall midge,Obolodiplosis robiniae,insect,tree-canopy,idle-only,override,Leaf-roll gall midge spends entire life cycle in Robinia canopy with no flower-foraging phase.,species,Animalia,Arthropoda,Insecta,Diptera,Cecidomyiidae,Obolodiplosis,robiniae,true,Robinia,1,
operophtera-brumata,Winter moth & mottled umber caterpillars,"Operophtera brumata, Erannis defoliaria / Geometridae",insect,tree-canopy,idle-only,override,Foliage-feeding caterpillars live in the canopy and remain sedentary by day; not flower-foragers.,species,Animalia,Arthropoda,Insecta,Lepidoptera,Geometridae,Operophtera,brumata,true,Amelanchier;Malus;Platanus;Prunus;Pyrus;Quercus,6,
operophtera-brumata-etc,Winter moth & geometrid caterpillars,"Operophtera brumata, etc. / Geometridae",insect,tree-canopy,idle-only,override,Geometrid caterpillars are canopy-bound foliage feeders with no ground or flower-visiting stage.,species,Animalia,Arthropoda,Insecta,Lepidoptera,Geometridae,Operophtera,brumata,true,Ostrya,1,
opisthograptis-luteolata,Brimstone moth & grey dagger caterpillars,"Opisthograptis luteolata, Acronicta psi",insect,tree-canopy,idle-only,override,Brimstone moth and grey dagger caterpillars feed in the canopy and rest motionless during the day.,species,Animalia,Arthropoda,Insecta,Lepidoptera,Geometridae,Opisthograptis,luteolata,true,Amelanchier;Prunus,2,
orthosia,Orthosia moths,"Noctuidae — Common Quaker, Hebrew Character, etc.",insect,tree-canopy,idle-only,override,Orthosia moth caterpillars are canopy foliage-feeders on Salix with no pollinator role.,family,Animalia,Arthropoda,Insecta,Lepidoptera,Noctuidae,,,true,Salix,1,
osmia,Mason and mining bees,"Osmia, Andrena spp.",insect,flower-visitor,flower-bobber,default,Mason and mining bees are classic spring pollinators that bob between blooms on Cercis and Prunus.,genus,Animalia,Arthropoda,Insecta,Hymenoptera,Andrenidae,Andrena,,true,Cercis;Prunus,2,
pachypsylla,Hackberry psyllids,"Pachypsylla spp., incl. P. celtidismamma, P. celtidisvesicula, P. celtidisgemma",insect,tree-canopy,idle-only,override,Hackberry psyllids are phloem-feeders permanently settled inside galls on Celtis foliage.,species,Animalia,Arthropoda,Insecta,Hemiptera,Aphalaridae,Pachypsylla,celtidismamma,true,Celtis,1,
panaphis-juglandis,Large walnut aphid,"Panaphis juglandis, Aphididae",insect,tree-canopy,idle-only,override,Large walnut aphid colonies are sedentary on Juglans leaf veins with no flower or ground phase.,species,Animalia,Arthropoda,Insecta,Hemiptera,Aphididae,Panaphis,juglandis,true,Juglans,1,
paracolopha-morrisoni,Zelkova gall aphid,"Paracolopha morrisoni, Aphididae",insect,tree-canopy,idle-only,override,Zelkova gall aphid lives inside leaf-fold galls on Zelkova with no external movement visible.,species,Animalia,Arthropoda,Insecta,Hemiptera,Aphididae,Paracolopha,morrisoni,true,Zelkova,1,
parectopa-robiniella,Robinia leafminer moths,"Parectopa robiniella, Macrosaccus robiniella",insect,tree-canopy,idle-only,override,Leafminer moth larvae are confined inside Robinia leaf tissue throughout their development.,species,Animalia,Arthropoda,Insecta,Lepidoptera,Gracillariidae,Parectopa,robiniella,true,Robinia,1,
paridae-aegithalidae,"Blue & Great Tits, Long-tailed Tit",Paridae / Aegithalidae,bird,tree-canopy,tree-flitter,default,Blue tit,family,Animalia,Chordata,Aves,Passeriformes,Paridae,,,true,Crataegus,1, great tit
parthenolecanium-corni,European fruit lecanium scale,"Parthenolecanium corni, Coccidae",insect,tree-bark,idle-only,override,Lecanium scale adults are permanently fixed to bark surface under waxy covers; not flower-visitors.,species,Animalia,Arthropoda,Insecta,Hemiptera,Coccidae,Parthenolecanium,corni,true,Taxodium,1,
parus-major,Great Tit / Blue Tit,Parus major / Cyanistes caeruleus,bird,tree-canopy,tree-flitter,default,Great tit and blue tit are archetypal Amsterdam canopy birds that flit actively between trees.,species,Animalia,Chordata,Aves,Passeriformes,Paridae,Parus,major,true,Juglans,1,
parus-pipistrellus,Cavity-nesting birds & roosting bats,"Parus, Pipistrellus",bird,tree-canopy,idle-only,override,Observation context is roosting and cavity use in Pterocarya; idle-only suits resting state better than tree-flitter.,genus,Animalia,Chordata,Aves,Passeriformes,Paridae,Parus,,true,Pterocarya,1,
passer,House Sparrow / Great Tit,Passer / Parus,bird,wall-and-roof;tree-canopy,urban-walker;tree-flitter,override,House sparrow (wall-and-roof urban-walker) and great tit (tree-canopy tree-flitter) need dual tags.,phylum,Animalia,Chordata,,,,,,true,Koelreuteria,1,
passer-domesticus,Roosting birds,"House Sparrow Passer domesticus, Wood Pigeon Columba palumbus",bird,tree-canopy,idle-only,override,House sparrow and wood pigeon recorded as roosting in Catalpa and Paulownia canopy; idle-only suits roosting context.,unmatched,,,,,,,,true,Catalpa;Paulownia,2,
passer-domesticus-montanus,House Sparrow / Eurasian Tree Sparrow,Passer domesticus / montanus,bird,wall-and-roof;ground-urban,urban-walker,override,House and tree sparrows are building-nesting pavement foragers; wall-and-roof and ground-urban with urban-walker.,species,Animalia,Chordata,Aves,Passeriformes,Passeridae,Passer,domesticus,true,Ginkgo,1,
pauesia-anatolica,Aphid parasitoid wasps,Pauesia anatolica and relatives,insect,tree-canopy,idle-only,override,Aphid parasitoid wasp hunts Cedrus canopy for aphid hosts; not a flower-forager.,compound,,,,,,,,true,Cedrus,1,
periparus-ater,Coal Tit,Periparus ater,bird,tree-canopy,tree-flitter,default,Coal tit is a conifer-canopy specialist that flits energetically between needle-bearing trees.,species,Animalia,Chordata,Aves,Passeriformes,Paridae,Periparus,ater,true,Cedrus;Chamaecyparis;Metasequoia;Picea;Pinus,5,
phloeosinus-aubei,Cypress bark beetle,Phloeosinus aubei / Curculionidae,insect,tree-bark,idle-only,override,Cypress bark beetle bores beneath bark of Metasequoia; detected by exit holes not surface activity.,species,Animalia,Arthropoda,Insecta,Coleoptera,Curculionidae,Hylesinus,aubei,true,Metasequoia,1,
phloeosinus-metasequoiae,Bark beetle Phloeosinus metasequoiae,Curculionidae: Scolytinae,insect,tree-bark,idle-only,override,Scolytine bark beetle spends entire life cycle inside Metasequoia bark; no visible surface presence.,family,Animalia,Arthropoda,Insecta,Coleoptera,Curculionidae,,,true,Metasequoia,1,
phyllaphis-fagi,Woolly beech aphid,Phyllaphis fagi,insect,tree-canopy,idle-only,override,Woolly beech aphid colonies are sedentary on Fagus leaf undersides with no flower-visiting role.,species,Animalia,Arthropoda,Insecta,Hemiptera,Aphididae,Phyllaphis,fagi,true,Fagus,1,
phyllobius-intrusus,Arborvitae weevil,"Phyllobius intrusus, Curculionidae",insect,tree-canopy,idle-only,override,Arborvitae weevil is a slow-moving foliage-feeder on Thuja canopy; not a pollinator.,species,Animalia,Arthropoda,Insecta,Coleoptera,Curculionidae,Parascythopus,intrusus,true,Thuja,1,
phyllonorycter,Micro-moths and leaf miners,"Lepidoptera, e.g. Phyllonorycter spp.",insect,tree-canopy,idle-only,override,Leafminer micro-moth larvae develop entirely inside Castanea leaf tissue; entirely sedentary.,order,Animalia,Arthropoda,Insecta,Lepidoptera,,,,true,Castanea,1,
phyllonorycter-esperella,Generalist micro-moths,Phyllonorycter esperella & similar / Gracillariidae,insect,tree-canopy,idle-only,override,Gracillariid leafminers live inside Carpinus leaves; no flower-visiting role at any observed stage.,compound,,,,,,,,true,Carpinus,1,
phytomyza-ilicis,Holly leaf miner,"Phytomyza ilicis, Agromyzidae",insect,tree-canopy,idle-only,override,Holly leaf miner larva is enclosed within Ilex leaf lamina throughout development; does not move.,genus,Animalia,Arthropoda,Insecta,Diptera,Agromyzidae,Phytomyza,,true,Ilex,1,
phytophthora-lateralis,Phytophthora lateralis root pathogen,,fungus,tree-rooted,none,override,Root and crown pathogen infects Chamaecyparis belowground; tree-rooted overrides default tree-bark.,compound,,,,,,,,true,Chamaecyparis,1,
phytoptus-avellanae-big-bud-mite,Gall mites,"Phytoptus avellanae, big bud mite",arachnid,tree-canopy,idle-only,override,Microscopic eriophyid mite lives inside Corylus buds; tree-canopy overrides default anywhere.,species,Animalia,Arthropoda,Arachnida,Trombidiformes,Phytoptidae,Phytoptus,avellanae,true,Corylus,1,
pica,Magpie / Carrion Crow,Pica / Corvus,bird,anywhere,tree-flitter;urban-walker,override,Magpie and carrion crow are urban omnivore corvids that alternate tree perching and pavement foraging.,phylum,Animalia,Chordata,,,,,,true,Koelreuteria,1,
picidae,Cavity-nesting birds & roosting bats,"Picidae, Pipistrellus / Vespertilionidae",bird,tree-canopy;tree-bark,tree-flitter;idle-only,override,Mixed group of cavity-nesting birds and roosting bats requires both bark (roost) and canopy (foraging) with flitter for birds and idle for roosting bats.,family,Animalia,Chordata,Aves,Piciformes,Picidae,,,true,Carpinus,1,
pipistrellus,Roosting bats,"Pipistrellus, Nyctalus / Vespertilionidae",mammal,tree-bark;sky-only,sky-looper;idle-only,override,Bats roost in tree bark by day and hunt on long aerial loops at dusk; mammal default of ground-park is entirely wrong.,family,Animalia,Chordata,Mammalia,Chiroptera,Vespertilionidae,,,true,Aesculus;Cedrus;Liriodendron;Metasequoia;Nyssa;Ostrya;Pyrus;Quercus;Robinia;Taxus;Tilia,11,
pipistrellus-pipistrellus,Common Pipistrelle,Pipistrellus pipistrellus,mammal,tree-bark;sky-only,sky-looper;idle-only,override,Common Pipistrelle roosts in bark crevices of street trees and hunts on fast aerial loops above canals; ground-park default does not apply.,species,Animalia,Chordata,Mammalia,Chiroptera,Vespertilionidae,Pipistrellus,pipistrellus,true,Acer;Ailanthus;Paulownia;Platanus;Populus;Styphnolobium,6,
pipistrellus-pipistrellus-nyctalus-noctula,Common Pipistrelle / Noctule,Pipistrellus pipistrellus / Nyctalus noctula,mammal,tree-bark;sky-only,sky-looper;idle-only,override,Both Pipistrelle and Noctule roost in Fagus cavities and hunt aerially; neither species uses ground-park habitat.,species,Animalia,Chordata,Mammalia,Chiroptera,Vespertilionidae,Pipistrellus,pipistrellus,true,Fagus,1,
pipistrellus-plecotus-auritus,Common Pipistrelle / brown long-eared bat,Pipistrellus / Plecotus auritus,mammal,tree-bark;sky-only,sky-looper;idle-only,override,Brown Long-eared Bat and Pipistrelle share tree-bark roosts in Fraxinus and both hunt on aerial loops; ground-park default is wrong for bats.,kingdom,Animalia,,,,,,,true,Fraxinus,1,
prociphilus-aphis-fabae,Aphids on ash,"Prociphilus spp., Aphis fabae",insect,tree-canopy;tree-bark,idle-only,override,Sedentary aphid colonies on Fraxinus foliage and bark cannot be represented by the insect default of flower-visitor / flower-bobber.,genus,Animalia,Arthropoda,Insecta,Hemiptera,Aphididae,Prociphilus,,true,Fraxinus,1,
pseudococcidae,Mealybugs,Pseudococcidae,insect,tree-bark,idle-only,override,Mealybugs are sessile bark-sucking scale insects on Catalpa; flower-visitor default does not apply.,family,Animalia,Arthropoda,Insecta,Hemiptera,Pseudococcidae,,,true,Catalpa,1,
pseudoscorpiones,Bark-crevice pseudoscorpions,"Pseudoscorpiones, e.g. Chthonius",arachnid,tree-bark,idle-only,override,Pseudoscorpions live exclusively in bark crevices of large trees; habitat refined from anywhere to tree-bark.,order,Animalia,Arthropoda,Arachnida,Pseudoscorpiones,,,,true,Parrotia,1,
psittacula-krameri,Rose-ringed parakeet,Psittacula krameri,bird,tree-canopy,tree-flitter,default,Rose-ringed Parakeet forages and roosts almost entirely in the canopy; bird default fits without modification.,species,Animalia,Chordata,Aves,Psittaciformes,Psittacidae,Psittacula,krameri,true,Platanus,1,
psocoptera,Bark-dwelling springtails & barklice,Psocoptera + Collembola,insect,tree-bark,idle-only,override,Barklice and springtails graze bark surfaces and are immobile at map scale; flower-visitor default is entirely wrong.,compound,,,,,,,,true,Taxus,1,
psychidae,Bagworm,"Psychidae, e.g. Thyridopteryx, Psyche",insect,tree-canopy;tree-bark,idle-only,override,Bagworm larvae hang in the canopy in sedentary silk cases; insect default of flower-visitor / flower-bobber does not fit.,family,Animalia,Arthropoda,Insecta,Lepidoptera,Psychidae,,,true,Thuja,1,
pterocallis-alni,Alder aphids,Pterocallis alni / Aphididae,insect,tree-canopy;tree-bark,idle-only,override,Alder aphids form sedentary colonies on Alnus foliage and bark; flower-visitor default does not apply to a phloem-sucking leaf aphid.,species,Animalia,Arthropoda,Insecta,Hemiptera,Aphididae,Pterocallis,alni,true,Alnus,1,
pulvinaria-regalis,Aesculus scale,Pulvinaria regalis / Coccidae,insect,tree-bark,idle-only,override,Scale insects are permanently attached to Aesculus and Platanus bark; flower-visitor default is irrelevant.,species,Animalia,Arthropoda,Insecta,Hemiptera,Coccidae,Pulvinaria,regalis,true,Aesculus;Platanus,2,
pyrrhula-pyrrhula,Bullfinch,Pyrrhula pyrrhula,bird,tree-canopy,tree-flitter,default,Bullfinch feeds and moves quietly through the canopy of fruiting Sorbus and Fraxinus; bird default fits without modification.,species,Animalia,Chordata,Aves,Passeriformes,Fringillidae,Pyrrhula,pyrrhula,true,Fraxinus;Sorbus;Ulmus,3,
qualitative,Cytisine-tolerant generalist caterpillars,qualitative,insect,tree-canopy,idle-only,override,Foliage-feeding caterpillars on Styphnolobium are stationary at map scale; flower-visitor / flower-bobber default does not apply to leaf-eating larvae.,unmatched,,,,,,,,false,Styphnolobium,1,photo of a caterpillar on Styphnolobium japonicum foliage in Amsterdam
rattus-norvegicus,Brown rats,Rattus norvegicus,mammal,ground-urban;water-edge,urban-walker;park-roamer,override,Brown rat is primarily a pavement and canal-bank animal in Amsterdam; ground-park / park-roamer default understates its urban affinity.,species,Animalia,Chordata,Mammalia,Rodentia,Muridae,Rattus,norvegicus,true,Ginkgo,1,
regulus,Goldcrest / Coal Tit,Regulus / Periparus,bird,tree-canopy,tree-flitter,default,Goldcrest and Coal Tit are both restless canopy foragers in conifers; bird default fits without modification.,kingdom,Animalia,,,,,,,true,Larix,1,
regulus-ignicapilla,Firecrest,Regulus ignicapilla,bird,tree-canopy,tree-flitter,default,Firecrest is a hyperactive conifer-canopy gleaner; bird default fits without modification.,species,Animalia,Chordata,Aves,Passeriformes,Regulidae,Regulus,ignicapilla,true,Chamaecyparis,1,
regulus-regulus,Goldcrest,Regulus regulus,bird,tree-canopy,tree-flitter,default,Goldcrest is a dedicated conifer-canopy specialist; bird default fits exactly without modification.,species,Animalia,Chordata,Aves,Passeriformes,Regulidae,Regulus,regulus,true,Cedrus;Chamaecyparis;Cupressocyparis;Metasequoia;Picea;Taxus;Thuja,7,
resseliella-craneiobia-corni,Dogwood gall midge,Resseliella / Craneiobia corni,insect,tree-canopy,idle-only,override,Gall midge larvae develop immobile inside Cornus leaf galls; flower-visitor default does not apply.,genus,Animalia,Arthropoda,Insecta,Diptera,Cecidomyiidae,Resseliella,,true,Cornus,1,
rhagoletis-completa,Walnut husk fly,"Rhagoletis completa, Tephritidae",insect,tree-canopy,idle-only,override,Walnut husk fly larvae develop inside Juglans fruit in the canopy; canopy-resting adults make flower-bobber default inappropriate.,species,Animalia,Arthropoda,Insecta,Diptera,Tephritidae,Rhagoletis,completa,true,Juglans,1,
rhopobota,Holly tortrix and yellow-barred brindle moths,Rhopobota / Acasis,insect,tree-canopy,idle-only,override,Holly tortrix and brindle moth larvae feed on Ilex foliage and are sedentary at map scale; flower-visitor default does not fit leaf-miners.,genus,Animalia,Arthropoda,Insecta,Lepidoptera,Tortricidae,Rhopobota,,true,Ilex,1,
rhynchaenus-fagi,Beech leaf-mining weevil,Rhynchaenus fagi,insect,tree-canopy,idle-only,override,Beech leaf-mining weevil completes its life cycle in Fagus canopy foliage; flower-visitor default does not apply.,species,Animalia,Arthropoda,Insecta,Coleoptera,Curculionidae,Rhynchaenus,fagi,true,Fagus,1,
roosting-garden-birds-in-winter,Roosting garden birds in winter,,bird,tree-canopy,idle-only,override,Roosting birds are motionless in conifer canopy after dark; tree-flitter default replaced by idle-only for the roosting phase.,compound,,,,,,,,false,Cupressocyparis,1,photo of small garden birds roosting in a Cupressocyparis hedge in Amsterdam in winter
satyrium-w-album,White-letter Hairstreak,"Satyrium w-album, Lycaenidae",insect,tree-canopy;flower-visitor,idle-only;flower-bobber,override,White-letter Hairstreak spends most time perching in elm canopy and only briefly visits nearby flowers for nectar; flower-visitor default alone misses the dominant canopy-resting behaviour.,species,Animalia,Arthropoda,Insecta,Lepidoptera,Lycaenidae,Satyrium,w-album,true,Ulmus,1,
sciurus,Squirrels and bank voles,"Sciurus, Myodes glareolus",mammal,tree-canopy;ground-park,tree-flitter;park-roamer,override,Squirrels are strongly arboreal in the canopy with regular ground foraging; ground-park default alone misses the arboreal component.,phylum,Animalia,Chordata,,,,,,true,Castanea;Cedrus;Celtis;Cercidiphyllum;Chamaecyparis;Liquidambar;Nyssa;Taxus,8,
sciurus-carolinensis,Eurasian Grey Squirrel,Sciurus carolinensis,mammal,tree-canopy;ground-park,tree-flitter;park-roamer,override,Grey Squirrel spends equal time leaping through canopy and caching on park lawns; ground-park default alone is insufficient.,species,Animalia,Chordata,Mammalia,Rodentia,Sciuridae,Sciurus,carolinensis,true,Acer;Aesculus;Carpinus;Liriodendron;Magnolia;Metasequoia;Platanus;Quercus;Ulmus;Zelkova,10,
sciurus-vulgaris,Eurasian red squirrel / introduced grey,Sciurus vulgaris / S. carolinensis,mammal,tree-canopy;ground-park,tree-flitter;park-roamer,override,Red and grey squirrels in conifer stands are highly arboreal with regular ground caching; park-roamer default alone misses the canopy phase.,species,Animalia,Chordata,Mammalia,Rodentia,Sciuridae,Sciurus,vulgaris,true,Juglans;Picea;Pinus;Pterocarya,4,
sciurus-vulgaris-s-carolinensis,Squirrels,Sciurus vulgaris / S. carolinensis,mammal,tree-canopy;ground-park,tree-flitter;park-roamer,override,Squirrels feeding on Ginkgo nuts move between canopy and park ground; park-roamer default alone omits the arboreal phase.,species,Animalia,Chordata,Mammalia,Rodentia,Sciuridae,Sciurus,vulgaris,true,Ginkgo,1,
scolytus-scolytus,Elm bark beetles,"Scolytus scolytus, S. multistriatus, Curculionidae: Scolytinae",insect,tree-bark,idle-only,override,Bark-boring beetles spend their entire life cycle under or on elm bark rather than visiting flowers.,species,Animalia,Arthropoda,Insecta,Coleoptera,Curculionidae,Scolytus,scolytus,true,Ulmus,1,
sesia-apiformis,Hornet moth,"Sesia apiformis, Sesiidae",insect,tree-bark,idle-only,override,Larvae tunnel inside Populus wood and adults rest cryptically on bark rather than visiting flowers.,species,Animalia,Arthropoda,Insecta,Lepidoptera,Sesiidae,Sesia,apiformis,true,Populus,1,
sitta-europaea-dendrocopos-major,Nuthatch & Great Spotted Woodpecker,Sitta europaea / Dendrocopos major,bird,tree-bark,idle-only,override,Both species are bark-foragers that freeze on trunk surfaces rather than flitting through canopy foliage.,species,Animalia,Chordata,Aves,Passeriformes,Sittidae,Sitta,europaea,true,Corylus,1,
small-mammals,"Foxes, squirrels, mice",small mammals,mammal,ground-park;tree-canopy,park-roamer,override,Fox and mice are ground-park dominant; squirrel component adds a genuine secondary tree-canopy use.,unmatched,,,,,,,,true,Morus,1,
smerinthus-ocellata,Eyed Hawk-moth & Puss Moth caterpillars,Smerinthus ocellata / Cerura vinula,insect,tree-canopy,idle-only,override,Caterpillars feed on willow foliage and adults rest motionless on bark rather than visiting flowers.,species,Animalia,Arthropoda,Insecta,Lepidoptera,Sphingidae,Smerinthus,ocellata,true,Salix,1,
sphinx-pinastri,Pine hawk-moth,"Sphinx pinastri, Sphingidae",insect,tree-canopy,idle-only,override,Larvae feed on pine needles in the canopy and adults rest motionless on bark by day without visiting flowers.,species,Animalia,Arthropoda,Insecta,Lepidoptera,Sphingidae,Sphinx,pinastri,true,Pinus,1,
spinus-spinus,Eurasian Siskin,Spinus spinus,bird,tree-canopy,tree-flitter,default,Small seed-eating finch that moves actively between alder and birch canopy in classic flitting pattern.,species,Animalia,Chordata,Aves,Passeriformes,Fringillidae,Spinus,spinus,true,Alnus;Betula;Larix;Picea,4,
stereonychus-fraxini,Ash weevil,Stereonychus fraxini,insect,tree-canopy,idle-only,override,Ash weevil feeds on ash buds and leaflets and rests cryptically on foliage rather than visiting flowers.,species,Animalia,Arthropoda,Insecta,Coleoptera,Curculionidae,Stereonychus,fraxini,true,Fraxinus,1,
stigmella-microtheriella,Hazel leaf-miner moth,Stigmella microtheriella / Nepticulidae,insect,tree-canopy,idle-only,override,Leaf-mining larva is confined inside hornbeam leaf tissue and the tiny adult rests motionless on foliage.,species,Animalia,Arthropoda,Insecta,Lepidoptera,Nepticulidae,Stigmella,microtheriella,true,Carpinus,1,
stomaphis-yanonis-aphididae,Giant zelkova aphid,"Stomaphis yanonis, Aphididae",insect,tree-bark,idle-only,override,Bark-feeding phloem aphid forms sessile colonies on Zelkova trunk surface rather than canopy foliage.,species,Animalia,Arthropoda,Insecta,Hemiptera,Aphididae,Stomaphis,yanonis,false,Zelkova,1,photo of a Stomaphis colony on Zelkova bark showing characteristic ant tending
strix-aluco-phoenicurus-phoenicurus-sitta-dendrocopos,"Tawny Owl, Redstart, Nuthatch, Woodpeckers",Strix aluco / Phoenicurus phoenicurus / Sitta / Dendrocopos,bird,tree-canopy;tree-bark,idle-only;tree-flitter,override,Mixed cavity-nesting and bark-foraging birds require both canopy and bark habitat with dual movement reflecting owl stasis and redstart flitting.,species,Animalia,Chordata,Aves,Strigiformes,Strigidae,Strix,aluco,true,Fraxinus,1,
sturnus-vulgaris,European starling,Sturnus vulgaris / Sturnidae,bird,ground-urban;tree-canopy,urban-walker;tree-flitter,override,Starling is primarily a ground-urban forager on pavements and lawns with a genuine secondary canopy phase at fruiting Morus and Nyssa trees.,species,Animalia,Chordata,Aves,Passeriformes,Sturnidae,Sturnus,vulgaris,true,Morus;Nyssa,2,
sus-scrofa,Wild boar,Sus scrofa,mammal,ground-park,park-roamer,default,Ground-rooting mammal foraging for beech mast in park settings fits the mammal default exactly.,species,Animalia,Chordata,Mammalia,Artiodactyla,Suidae,Sus,scrofa,true,Fagus;Robinia,2,
sylvia-atricapilla,Eurasian Blackcap,Sylvia atricapilla,bird,tree-canopy,tree-flitter,default,Active warbler that moves continuously between canopy perches while foraging for insects and berries.,species,Animalia,Chordata,Aves,Passeriformes,Sylviidae,Sylvia,atricapilla,true,Amelanchier,1,
syrphidae,Hoverflies & lacewings,"Syrphidae, Chrysopidae",insect,flower-visitor,flower-bobber,default,Hoverflies are primary flower-visiting pollinators that hover and bob between blooms on urban trees.,family,Animalia,Arthropoda,Insecta,Diptera,Syrphidae,,,true,Acer;Aesculus;Koelreuteria;Magnolia;Styphnolobium;Tilia,6,
taxomyia-taxi,Yew gall midge,"Taxomyia taxi, Cecidomyiidae",insect,tree-canopy,idle-only,override,Gall midge larva is enclosed in a shoot-tip gall in the yew canopy and the adult does not visit flowers.,species,Animalia,Arthropoda,Insecta,Diptera,Cecidomyiidae,Taxomyia,taxi,true,Taxus,1,
tenthredinidae,Green dogwood sawfly & related sawflies,Tenthredinidae,insect,tree-canopy,idle-only,override,Sawfly larvae feed gregariously on dogwood foliage and adults rest on leaves without flower-visiting behavior.,family,Animalia,Arthropoda,Insecta,Hymenoptera,Tenthredinidae,,,true,Cornus,1,
tenthredinidae-e-g-croesus-septentrionalis,Hazel sawflies,"Tenthredinidae, e.g. Croesus septentrionalis",insect,tree-canopy,idle-only,override,Hazel sawfly larvae feed on Corylus leaves and adults rest on foliage without visiting flowers.,family,Animalia,Arthropoda,Insecta,Hymenoptera,Tenthredinidae,,,true,Corylus,1,
tetranychidae,Spider mites,Tetranychidae,arachnid,tree-canopy,idle-only,override,Spider mites are leaf-surface feeders on multiple tree genera; tree-canopy overrides the arachnid default of anywhere.,family,Animalia,Arthropoda,Arachnida,Trombidiformes,Tetranychidae,,,true,Cupressocyparis;Ginkgo;Gleditsia;Koelreuteria;Liquidambar;Metasequoia;Pterocarya;Thuja,8,
tetranychus-urticae,Two-spotted spider mite (Tetranychus urticae) and relatives,,arachnid,tree-canopy,idle-only,override,Two-spotted mite feeds exclusively on leaf undersides of canopy trees; tree-canopy overrides the arachnid default of anywhere.,compound,,,,,,,,true,Cercidiphyllum;Parrotia;Paulownia;Robinia,4,
tetropium-gabrieli,Larch longhorn,"Tetropium gabrieli, Cerambycidae",insect,tree-bark,idle-only,override,Longhorn larva develops under larch bark and adult rests on bark surface without visiting flowers.,species,Animalia,Arthropoda,Insecta,Coleoptera,Cerambycidae,Tetropium,gabrieli,true,Larix,1,
thaumetopoea-pityocampa,Pine processionary moth,"Thaumetopoea pityocampa, Notodontidae",insect,tree-canopy,idle-only,override,Colony lives in silk nests in pine crown; processionary marching is occasional and does not require a separate movement class.,species,Animalia,Arthropoda,Insecta,Lepidoptera,Notodontidae,Thaumetopoea,pityocampa,true,Pinus,1,
thelephoraceae,Ectomycorrhizal fungi,"Thelephoraceae, Trichophaea spp.",fungus,ground-park,none,override,Ectomycorrhizal fungi fruit at soil level near tree roots rather than on the trunk bark surface.,family,Fungi,Basidiomycota,Agaricomycetes,Thelephorales,Thelephoraceae,,,true,Cedrus,1,
tinocallis-platani,Elm leaf aphid,"Tinocallis platani, Eriosoma spp., Aphididae",insect,tree-canopy,idle-only,override,Elm leaf aphid colonies are sessile feeders on upper leaf surfaces in the canopy with no flower-visiting behavior.,species,Animalia,Arthropoda,Insecta,Hemiptera,Aphididae,Tinocallis,platani,true,Ulmus,1,
tomicus-piniperda,Pine bark beetle,"Tomicus piniperda, Scolytinae",insect,tree-bark,idle-only,override,Pine bark beetle bores into and under Pinus bark for all breeding and feeding activity without visiting flowers.,species,Animalia,Arthropoda,Insecta,Coleoptera,Curculionidae,Tomicus,piniperda,true,Pinus,1,
tortricidae,Generalist tortricid & geometrid moths,"Tortricidae, Geometridae",insect,tree-canopy,idle-only,override,Caterpillars roll or web canopy leaves and adults rest cryptically on bark by day without visiting flowers.,family,Animalia,Arthropoda,Insecta,Lepidoptera,Tortricidae,,,true,Parrotia;Paulownia,2,
tortrix-geometrid,Generalist tortrix and geometrid caterpillars,,insect,tree-canopy,idle-only,override,Caterpillars feed on Liquidambar foliage and adults rest motionless on bark without visiting flowers.,compound,,,,,,,,true,Liquidambar,1,
toumeyella-liriodendri,Tulip-tree scale,Toumeyella liriodendri / Coccidae,insect,tree-bark,idle-only,override,Soft scale insect is sessile on Liriodendron bark and phloem with no mobility once settled.,species,Animalia,Arthropoda,Insecta,Hemiptera,Coccidae,Toumeyella,liriodendri,true,Liriodendron,1,
trachys-yanoi,Trachys yanoi-type leaf-mining buprestid beetles,Buprestidae,insect,tree-canopy,idle-only,override,Leaf-mining larva is confined inside Zelkova leaf tissue and the adult basks on foliage without visiting flowers.,family,Animalia,Arthropoda,Insecta,Coleoptera,Buprestidae,,,true,Zelkova,1,photo of a Zelkova leaf showing blotch mines or an adult Trachys-type buprestid beetle on a leaf in sunlight
troglodytes,Wren / Dunnock / Robin,"Troglodytes, Prunella, Erithacus",bird,tree-canopy;ground-park,tree-flitter;park-roamer,override,Wren/Dunnock/Robin all spend significant time on the ground beneath shrubs and in leaf litter in addition to canopy perching.,phylum,Animalia,Chordata,,,,,,true,Ilex,1,
tuber-magnatum,White truffle (Tuber magnatum) mycorrhizal partner,,fungus,ground-park,none,override,White truffle is a subterranean mycorrhizal fungus fruiting underground near roots — not on bark surfaces.,compound,,,,,,,,true,Ostrya,1,
tuberculatus,Oak aphids,Tuberculatus / Lachnus / Thelaxes spp.,insect,tree-canopy;tree-bark,idle-only,override,Oak aphids are sessile sap-feeders on leaves and shoots; they do not visit flowers and barely move positionally.,genus,Animalia,Arthropoda,Insecta,Hemiptera,Aphididae,Tuberculatus,,true,Quercus,1,
tuberolachnus-salignus,Aphids,"Aphidoidea — Tuberolachnus salignus, Chaitophorus spp.",insect,tree-bark;tree-canopy,idle-only,override,Tuberolachnus forms stationary colonies on willow bark stems; Chaitophorus feeds on leaves but neither visits flowers.,genus,Animalia,Arthropoda,Insecta,Hemiptera,Aphididae,Chaitophorus,,true,Salix,1,
turdus,"Song Thrush, Redwing, Fieldfare",Turdus spp.,bird,tree-canopy;ground-park,tree-flitter;park-roamer,override,Song Thrush/Redwing/Fieldfare all alternate between fruiting canopy and ground earthworm foraging in Amsterdam parks.,genus,Animalia,Chordata,Aves,Passeriformes,Turdidae,Turdus,,true,Cornus;Ilex;Magnolia;Morus;Taxus,5,
turdus-iliacus-pilaris,Redwing & Fieldfare,Turdus iliacus / pilaris,bird,tree-canopy;ground-park,tree-flitter;park-roamer,override,Redwing and Fieldfare strip hawthorn berries from canopies then forage for earthworms on open park lawns.,species,Animalia,Chordata,Aves,Passeriformes,Turdidae,Turdus,iliacus,true,Crataegus,1,
turdus-including-winter-migrants,Blackbirds & thrushes,"Turdus, including winter migrants",bird,tree-canopy;ground-park,tree-flitter;park-roamer,override,Turdus guild around Nyssa trees splits time between fruiting canopy and ground invertebrate foraging.,genus,Animalia,Chordata,Aves,Passeriformes,Turdidae,Turdus,,true,Nyssa,1,
turdus-merula,Blackbird,Turdus merula,bird,ground-park;tree-canopy,park-roamer;tree-flitter,override,Blackbird is primarily a ground forager; ground-park dominates with tree-canopy secondary for roosting and berry feeding.,species,Animalia,Chordata,Aves,Passeriformes,Turdidae,Turdus,merula,true,Amelanchier;Cornus;Parrotia;Prunus;Sorbus;Thuja,6,
turdus-merula-t-philomelos,Blackbirds & thrushes,"Turdus merula, T. philomelos / Turdidae",bird,ground-park;tree-canopy,park-roamer;tree-flitter,override,Blackbird and Song Thrush both forage heavily on the ground beneath Malus trees for fallen fruit and invertebrates.,species,Animalia,Chordata,Aves,Passeriformes,Turdidae,Turdus,merula,true,Malus,1,
turdus-philomelos,Song Thrush & Mistle Thrush,Turdus philomelos / T. viscivorus,bird,tree-canopy;ground-park,tree-flitter;park-roamer,override,Song and Mistle Thrushes feed on Amelanchier berries in canopy then use stone anvils on the ground to crack snails.,species,Animalia,Chordata,Aves,Passeriformes,Turdidae,Turdus,philomelos,true,Amelanchier,1,
turdus-pilaris,Fieldfare & Redwing,Turdus pilaris / T. iliacus,bird,tree-canopy;ground-park,tree-flitter;park-roamer,override,Fieldfare and Redwing winter flocks strip Sorbus berries from canopy then work park lawns for earthworms.,species,Animalia,Chordata,Aves,Passeriformes,Turdidae,Turdus,pilaris,true,Sorbus,1,
turdus-pilaris-t-iliacus,Fieldfare & redwing,"Turdus pilaris, T. iliacus",bird,tree-canopy;ground-park,tree-flitter;park-roamer,override,Fieldfare and Redwing on Malus behave identically to other Sorbus/hawthorn contexts — canopy feeding plus ground foraging.,species,Animalia,Chordata,Aves,Passeriformes,Turdidae,Turdus,pilaris,true,Malus,1,
turdus-viscivorus,Mistle Thrush,Turdus viscivorus,bird,tree-canopy;ground-park,tree-flitter;park-roamer,override,Mistle Thrush defends berry trees aggressively and also strides boldly across open lawns for large earthworms.,species,Animalia,Chordata,Aves,Passeriformes,Turdidae,Turdus,viscivorus,true,Ilex;Sorbus,2,
various-lepidoptera,"Eyed hawk-moth, pale tussock, green pug, Chinese character",various Lepidoptera,insect,tree-canopy;tree-bark,idle-only,override,These moths (hawk-moth/tussock/pug/Chinese character) are larval tree feeders and day-resting adults — no flower visiting.,order,Animalia,Arthropoda,Insecta,Lepidoptera,,,,true,Malus,1,
various-mammals,"Mice, voles, foxes, badgers",various mammals,mammal,ground-park,park-roamer,default,Mice/voles/foxes/badgers are all ground-park mammals well-covered by the category default.,unmatched,,,,,,,,true,Malus,1,
venusia-cambrica,Larger Welsh wave & autumn green carpet moths,Venusia cambrica / Chloroclysta miata,insect,tree-canopy;tree-bark,idle-only,override,Geometrid moth caterpillars feed on Sorbus foliage; adults rest motionless on bark — neither stage visits flowers.,species,Animalia,Arthropoda,Insecta,Lepidoptera,Geometridae,Venusia,cambrica,true,Sorbus,1,
verticillium,Verticillium wilt-associated fungi,Verticillium spp.,fungus,ground-park,none,override,Verticillium is a soil-borne root pathogen; it has no above-ground fruiting body so ground-park overrides tree-bark default.,genus,Fungi,Ascomycota,Sordariomycetes,Glomerellales,Plectosphaerellaceae,Verticillium,,true,Catalpa,1,
vespidae,Wasps (Vespidae) and hoverflies (Syrphidae),,insect,flower-visitor;tree-canopy,flower-bobber;sky-looper,override,Wasps and hoverflies are both flower visitors but hoverflies hover distinctively and wasps use sustained transit flight.,compound,,,,,,,,true,Liriodendron;Morus,2,
vespula,Wasps,"Vespula spp., parasitoid wasps",insect,tree-canopy;ground-park,flower-bobber;sky-looper,override,Vespula hunt caterpillars in canopy and nest in ground; parasitoid wasps locate hosts in foliage with active hunting flights.,genus,Animalia,Arthropoda,Insecta,Hymenoptera,Vespidae,Vespula,,true,Koelreuteria,1,
vulpes-vulpes,Frugivorous mammals,"Vulpes vulpes, Meles meles, Sus scrofa",mammal,ground-park,park-roamer,default,Fox/badger/boar are all ground-park frugivores well-covered by the mammal category default.,species,Animalia,Chordata,Mammalia,Carnivora,Canidae,Vulpes,vulpes,true,Pyrus,1,
vulpes-vulpes-erinaceus-europaeus,Red Fox / Hedgehog,Vulpes vulpes / Erinaceus europaeus,mammal,ground-park,park-roamer,default,Red Fox and Hedgehog are classic ground-park mammals that forage through Amsterdam parks and gardens.,species,Animalia,Chordata,Mammalia,Carnivora,Canidae,Vulpes,vulpes,true,Cupressocyparis,1,
winter-moth-tortrix-spp,Generalist caterpillars,"winter moth, tortrix spp.",insect,tree-canopy;tree-bark,idle-only,override,Caterpillars feed on Pterocarya buds/leaves in canopy; female winter moths crawl up trunks rather than visiting flowers.,genus,Animalia,Arthropoda,Insecta,Lepidoptera,Tortricidae,Tortrix,,true,Pterocarya,1,
wood-pigeon-magpie-carrion-crow,Wood pigeon / Magpie / Carrion crow,,bird,anywhere;tree-canopy,urban-walker;tree-flitter,override,Wood Pigeon/Magpie/Carrion Crow are genuine urban generalists using pavements/rooftops/lawns equally with tree canopy.,compound,,,,,,,,true,Pterocarya,1,
xylocopa,Carpenter bees,Xylocopa spp.,insect,flower-visitor;wall-and-roof,flower-bobber;sky-looper,override,Carpenter bees forage on Cercis/Platanus flowers and nest in dry timber structures; powerful transit flight between patches.,genus,Animalia,Arthropoda,Insecta,Hymenoptera,Apidae,Xylocopa,,true,Cercis;Platanus,2,
xylocopa-violacea,Violet carpenter bee,Xylocopa violacea,insect,flower-visitor;wall-and-roof,flower-bobber;sky-looper,override,Violet carpenter bee visits Catalpa flowers and nests in dry wood; strong flier making sky-looper appropriate for transit.,species,Animalia,Arthropoda,Insecta,Hymenoptera,Apidae,Xylocopa,violacea,true,Catalpa,1,
xylosandrus-crassiusculus,Granulate ambrosia beetle,"Xylosandrus crassiusculus, Scolytinae",insect,tree-bark,idle-only,override,Ambrosia beetle lives entirely inside bark/wood galleries; flower-bobber default does not apply to this wood-boring beetle.,species,Animalia,Arthropoda,Insecta,Coleoptera,Curculionidae,Xylosandrus,crassiusculus,true,Liquidambar,1,
xylotrechus-chinensis,Asian longhorn mulberry pest,Xylotrechus chinensis / Cerambycidae,insect,tree-bark;tree-canopy,idle-only,override,Longhorn beetle larvae bore into Morus wood; adults rest on bark or chew twigs — no flower visiting at any stage.,species,Animalia,Arthropoda,Insecta,Coleoptera,Cerambycidae,Xylotrechus,chinensis,true,Morus,1,
yponomeuta-evonymella,Bird-cherry ermine moth,"Yponomeuta evonymella / Y. padella, Yponomeutidae",insect,tree-canopy;tree-bark,idle-only,override,Ermine moth caterpillars web-encase Prunus canopy; adults rest on bark — conspicuous tree organisms with no flower-visiting stage.,species,Animalia,Arthropoda,Insecta,Lepidoptera,Yponomeutidae,Yponomeuta,evonymella,true,Prunus,1,
zeuzera-pyrina,"Wood leopard moth (Zeuzera pyrina, Cossidae) and figure of eight (Diloba caeruleocephala)",,insect,tree-bark;tree-canopy,idle-only,override,Wood leopard moth larvae bore into Populus wood for years; adults rest on bark at day — classic tree-bark overriding insect default.,compound,,,,,,,,true,Populus,1,
